0.0101,0.000102007,0.999898,1,1.41414
0.0201,0.000403956,0.999596,1,1.41393
0.0301,0.000905736,0.999094,1,1.41357
0.04,0.00159915,0.998401,1,1.41308
0.05,0.00249792,0.997502,1,1.41245
0.06,0.00359568,0.996404,1,1.41167
0.07,0.004892,0.995108,1,1.41075
0.08,0.00638636,0.993614,1,1.40969
0.09,0.00807815,0.991922,1,1.40849
0.1,0.00996671,0.990033,1,1.40715
0.11,0.0120513,0.987949,1,1.40567
0.12,0.014331,0.985669,1,1.40404
0.13,0.016805,0.983195,1,1.40228
0.14,0.0194723,0.980528,1,1.40038
0.1501,0.0223613,0.977639,1,1.39831
0.1601,0.0254138,0.974586,1,1.39613
0.1701,0.028656,0.971344,1,1.3938
0.1801,0.0320868,0.967913,1,1.39134
0.1901,0.0357048,0.964295,1,1.38874
0.2001,0.0395085,0.960492,1,1.386
0.2101,0.0434963,0.956504,1,1.38312
0.2201,0.0476668,0.952333,1,1.3801
0.2301,0.0520182,0.947982,1,1.37694
0.2401,0.0565487,0.943451,1,1.37365
0.2501,0.0612567,0.938743,1,1.37021
0.2601,0.0661401,0.93386,1,1.36665
0.2701,0.0711971,0.928803,1,1.36294
0.2801,0.0764256,0.923574,1,1.3591
0.2901,0.0818235,0.918177,1,1.35512
0.3001,0.0873887,0.912611,1,1.35101
0.3101,0.0931189,0.906881,1,1.34676
0.3201,0.0990118,0.900988,1,1.34238
0.3301,0.105065,0.894935,1,1.33786
0.3401,0.111277,0.888723,1,1.33321
0.3501,0.117643,0.882357,1,1.32843
0.3601,0.124163,0.875837,1,1.32351
0.3701,0.130833,0.869167,1,1.31846
0.3801,0.137651,0.862349,1,1.31328
0.3901,0.144614,0.855386,1,1.30797
0.4001,0.151718,0.848282,1,1.30252
0.4101,0.158963,0.841037,1,1.29695
0.4201,0.166343,0.833657,1,1.29125
0.4301,0.173857,0.826143,1,1.28541
0.4401,0.181502,0.818498,1,1.27945
0.4501,0.189273,0.810727,1,1.27336
0.4601,0.197169,0.802831,1,1.26715
0.4701,0.205187,0.794813,1,1.2608
0.4801,0.213322,0.786678,1,1.25433
0.4901,0.221572,0.778428,1,1.24774
0.5001,0.229933,0.770067,1,1.24102
0.5101,0.238402,0.761598,1,1.23418
0.5201,0.246976,0.753024,1,1.22721
0.5301,0.255651,0.744349,1,1.22012
0.5401,0.264424,0.735576,1,1.21291
0.5501,0.273291,0.726709,1,1.20558
0.5601,0.282249,0.717751,1,1.19812
0.5701,0.291294,0.708706,1,1.19055
0.5801,0.300422,0.699578,1,1.18286
0.5901,0.30963,0.69037,1,1.17505
0.6001,0.318914,0.681086,1,1.16712
0.6101,0.328271,0.671729,1,1.15908
0.6201,0.337696,0.662304,1,1.15092
0.6301,0.347187,0.652813,1,1.14264
0.6401,0.356738,0.643262,1,1.13425
0.6501,0.366347,0.633653,1,1.12575
0.6601,0.376009,0.623991,1,1.11713
0.6701,0.385721,0.614279,1,1.1084
0.6801,0.395478,0.604522,1,1.09956
0.6901,0.405278,0.594722,1,1.09062
0.7001,0.415115,0.584885,1,1.08156
0.7101,0.424986,0.575014,1,1.07239
0.7201,0.434887,0.565113,1,1.06312
0.7301,0.444814,0.555186,1,1.05374
0.7401,0.454764,0.545236,1,1.04426
0.7501,0.464731,0.535269,1,1.03467
0.7601,0.474713,0.525287,1,1.02498
0.7701,0.484704,0.515296,1,1.01518
0.7801,0.494702,0.505298,1,1.00528
0.7901,0.504702,0.495298,1,0.995287
0.8001,0.5147,0.4853,1,0.985191
0.8101,0.524692,0.475308,1,0.974996
0.8201,0.534674,0.465326,1,0.964703
0.8301,0.544642,0.455358,1,0.954314
0.8401,0.554593,0.445407,1,0.94383
0.8501,0.564521,0.435479,1,0.933251
0.8601,0.574424,0.425576,1,0.922579
0.8701,0.584297,0.415703,1,0.911814
0.8801,0.594137,0.405863,1,0.900959
0.8901,0.603938,0.396062,1,0.890013
0.9001,0.613698,0.386302,1,0.878978
0.9101,0.623413,0.376587,1,0.867856
0.9201,0.633078,0.366922,1,0.856647
0.9301,0.64269,0.35731,1,0.845352
0.9401,0.652245,0.347755,1,0.833972
0.9501,0.661739,0.338261,1,0.822509
0.9601,0.671169,0.328831,1,0.810964
0.9701,0.68053,0.31947,1,0.799338
0.9801,0.689818,0.310182,1,0.787631
0.9901,0.699031,0.300969,1,0.775846
1.0001,0.708164,0.291836,1,0.763984
1.0101,0.717214,0.282786,1,0.752045
1.0201,0.726177,0.273823,1,0.740031
1.0301,0.73505,0.26495,1,0.727943
1.0401,0.743828,0.256172,1,0.715782
1.0501,0.752509,0.247491,1,0.703549
1.0601,0.761089,0.238911,1,0.691246
1.0701,0.769565,0.230435,1,0.678874
1.0801,0.777933,0.222067,1,0.666434
1.0901,0.786189,0.213811,1,0.653928
1.1001,0.794331,0.205669,1,0.641356
1.1101,0.802356,0.197644,1,0.62872
1.1201,0.810259,0.189741,1,0.616021
1.1301,0.818039,0.181961,1,0.60326
1.1401,0.825691,0.174309,1,0.590439
1.1501,0.833213,0.166787,1,0.577559
1.1601,0.840601,0.159399,1,0.564622
1.1701,0.847854,0.152146,1,0.551628
1.1801,0.854967,0.145033,1,0.538578
1.1901,0.861938,0.138062,1,0.525475
1.2001,0.868764,0.131236,1,0.512319
1.2101,0.875443,0.124557,1,0.499113
1.2201,0.881972,0.118028,1,0.485856
1.2301,0.888348,0.111652,1,0.47255
1.2401,0.894569,0.105431,1,0.459198
1.2501,0.900632,0.0993684,1,0.445799
1.2601,0.906534,0.0934658,1,0.432356
1.2701,0.912274,0.0877258,1,0.418869
1.2801,0.917849,0.0821507,1,0.405341
1.2901,0.923257,0.0767427,1,0.391772
1.3001,0.928496,0.0715041,1,0.378164
1.3101,0.933563,0.0664368,1,0.364518
1.3201,0.938457,0.061543,1,0.350836
1.3301,0.943175,0.0568245,1,0.337119
1.3401,0.947717,0.0522833,1,0.323368
1.3501,0.952079,0.0479212,1,0.309584
1.3601,0.95626,0.0437399,1,0.29577
1.3701,0.960259,0.0397411,1,0.281926
1.3801,0.964074,0.0359264,1,0.268054
1.3901,0.967703,0.0322973,1,0.254155
1.4001,0.971145,0.0288553,1,0.24023
1.4101,0.974398,0.0256018,1,0.226282
1.4201,0.977462,0.022538,1,0.212311
1.4301,0.980335,0.0196652,1,0.198319
1.4401,0.983016,0.0169845,1,0.184307
1.4501,0.985503,0.014497,1,0.170276
1.4601,0.987796,0.0122037,1,0.156229
1.4701,0.989894,0.0101055,1,0.142166
1.4801,0.991797,0.00820329,1,0.128088
1.4901,0.993502,0.00649777,1,0.113998
1.5001,0.99501,0.00498965,1,0.0998964
1.5101,0.99632,0.00367952,1,0.0857849
1.5201,0.997432,0.00256792,1,0.0716647
1.5301,0.998345,0.00165528,1,0.0575374
1.5401,0.999058,0.000941969,1,0.0434043
1.5501,0.999572,0.000428277,1,0.0292669
1.5601,0.999886,0.000114407,1,0.0151266
1.5701,1,4.8487e-07,1,0.000984754
1.5801,0.999913,8.65558e-05,1,0.0131572
1.5901,0.999627,0.000372586,1,0.0272978
1.6001,0.999142,0.00085846,1,0.0414357
1.6101,0.998456,0.00154398,1,0.0555695
1.6201,0.997571,0.00242888,1,0.0696977
1.6301,0.996487,0.0035128,1,0.0838189
1.6401,0.995205,0.00479531,1,0.0979318
1.6501,0.993724,0.0062759,1,0.112035
1.6601,0.992046,0.00795397,1,0.126127
1.6701,0.990171,0.00982885,1,0.140206
1.6801,0.9881,0.0118998,1,0.154271
1.6901,0.985834,0.014166,1,0.168321
1.7001,0.983374,0.0166265,1,0.182354
1.7101,0.98072,0.0192803,1,0.196369
1.7201,0.977874,0.0221264,1,0.210364
1.7301,0.974836,0.0251637,1,0.224338
1.7401,0.971609,0.0283909,1,0.238289
1.7501,0.968193,0.0318067,1,0.252217
1.7601,0.96459,0.0354099,1,0.26612
1.7701,0.960801,0.0391988,1,0.279996
1.7801,0.956828,0.043172,1,0.293844
1.7901,0.952672,0.047328,1,0.307662
1.8001,0.948335,0.0516651,1,0.32145
1.8101,0.943819,0.0561814,1,0.335206
1.8201,0.939125,0.0608753,1,0.348928
1.8301,0.934255,0.0657448,1,0.362615
1.8401,0.929212,0.0707881,1,0.376266
1.8501,0.923997,0.076003,1,0.389879
1.8601,0.918613,0.0813875,1,0.403454
1.8701,0.913061,0.0869394,1,0.416988
1.8801,0.907343,0.0926566,1,0.43048
1.8901,0.901463,0.0985367,1,0.443929
1.9001,0.895423,0.104577,1,0.457334
1.9101,0.889224,0.110776,1,0.470693
1.9201,0.882869,0.117131,1,0.484006
1.9301,0.876362,0.123638,1,0.497269
1.9401,0.869703,0.130297,1,0.510483
1.9501,0.862897,0.137103,1,0.523646
1.9601,0.855946,0.144054,1,0.536757
1.9701,0.848853,0.151147,1,0.549814
1.9801,0.841619,0.158381,1,0.562815
1.9901,0.83425,0.16575,1,0.575761
2.0001,0.826746,0.173254,1,0.588649
2.0101,0.819112,0.180888,1,0.601478
2.0201,0.81135,0.18865,1,0.614247
2.0301,0.803464,0.196536,1,0.626955
2.0401,0.795456,0.204544,1,0.6396
2.0501,0.78733,0.21267,1,0.652181
2.0601,0.779089,0.220911,1,0.664696
2.0701,0.770737,0.229263,1,0.677146
2.0801,0.762276,0.237724,1,0.689527
2.0901,0.75371,0.24629,1,0.70184
2.1,0.74513,0.25487,1,0.71396
2.11,0.736366,0.263634,1,0.726132
2.12,0.727507,0.272493,1,0.738231
2.13,0.718558,0.281442,1,0.750256
2.14,0.709521,0.290479,1,0.762207
2.15,0.7004,0.2996,1,0.774081
2.16,0.691198,0.308802,1,0.785877
2.17,0.681921,0.318079,1,0.797595
2.18,0.67257,0.32743,1,0.809234
2.19,0.663151,0.336849,1,0.820791
2.2,0.653666,0.346334,1,0.832266
2.21,0.64412,0.35588,1,0.843658
2.22,0.634517,0.365483,1,0.854966
2.23,0.624859,0.375141,1,0.866188
2.24,0.615151,0.384849,1,0.877324
2.25,0.605398,0.394602,1,0.888372
2.26,0.595602,0.404398,1,0.899331
2.27,0.585768,0.414232,1,0.9102
2.28,0.5759,0.4241,1,0.920978
2.29,0.566001,0.433999,1,0.931664
2.3,0.556076,0.443924,1,0.942257
2.31,0.546129,0.453871,1,0.952755
2.32,0.536163,0.463837,1,0.963158
2.33,0.526183,0.473817,1,0.973465
2.34,0.516192,0.483808,1,0.983675
2.35,0.506194,0.493806,1,0.993786
2.36,0.496195,0.503805,1,1.0038
2.37,0.486196,0.513804,1,1.01371
2.38,0.476203,0.523797,1,1.02352
2.39,0.46622,0.53378,1,1.03323
2.4,0.456251,0.543749,1,1.04283
2.41,0.446298,0.553702,1,1.05233
2.42,0.436368,0.563632,1,1.06173
2.43,0.426462,0.573538,1,1.07102
2.44,0.416586,0.583414,1,1.0802
2.45,0.406744,0.593256,1,1.08927
2.46,0.396939,0.603061,1,1.09824
2.47,0.387175,0.612825,1,1.10709
2.48,0.377456,0.622544,1,1.11584
2.49,0.367786,0.632214,1,1.12447
2.5,0.358169,0.641831,1,1.13299
2.51,0.348609,0.651391,1,1.1414
2.52,0.339109,0.660891,1,1.14969
2.53,0.329674,0.670326,1,1.15787
2.54,0.320306,0.679694,1,1.16593
2.55,0.311011,0.688989,1,1.17387
2.56,0.301791,0.698209,1,1.1817
2.57,0.292651,0.707349,1,1.18941
2.58,0.283593,0.716407,1,1.197
2.59,0.274622,0.725378,1,1.20447
2.6,0.265742,0.734258,1,1.21182
2.61,0.256955,0.743045,1,1.21905
2.62,0.248265,0.751735,1,1.22616
2.63,0.239675,0.760325,1,1.23315
2.64,0.23119,0.76881,1,1.24001
2.65,0.222813,0.777187,1,1.24675
2.66,0.214546,0.785454,1,1.25336
2.67,0.206394,0.793606,1,1.25985
2.68,0.198359,0.801641,1,1.26621
2.69,0.190444,0.809556,1,1.27244
2.7,0.182654,0.817346,1,1.27855
2.71,0.17499,0.82501,1,1.28453
2.72,0.167456,0.832544,1,1.29038
2.73,0.160056,0.839944,1,1.29611
2.74,0.152791,0.847209,1,1.3017
2.75,0.145665,0.854335,1,1.30716
2.76,0.138681,0.861319,1,1.31249
2.77,0.131841,0.868159,1,1.31769
2.78,0.125149,0.874851,1,1.32276
2.79,0.118607,0.881393,1,1.3277
2.8,0.112217,0.887783,1,1.3325
2.81,0.105982,0.894018,1,1.33717
2.82,0.0999053,0.900095,1,1.34171
2.83,0.0939882,0.906012,1,1.34611
2.84,0.0882336,0.911766,1,1.35038
2.85,0.0826436,0.917356,1,1.35452
2.86,0.0772206,0.922779,1,1.35851
2.87,0.0719667,0.928033,1,1.36238
2.88,0.066884,0.933116,1,1.3661
2.89,0.0619745,0.938025,1,1.36969
2.9,0.0572402,0.94276,1,1.37314
2.91,0.0526831,0.947317,1,1.37646
2.92,0.0483048,0.951695,1,1.37963
2.93,0.0441073,0.955893,1,1.38267
2.94,0.040092,0.959908,1,1.38557
2.95,0.0362608,0.963739,1,1.38834
2.96,0.032615,0.967385,1,1.39096
2.97,0.0291562,0.970844,1,1.39344
2.98,0.0258857,0.974114,1,1.39579
2.99,0.0228048,0.977195,1,1.398
3,0.0199149,0.980085,1,1.40006
3.01,0.0172169,0.982783,1,1.40199
3.02,0.0147121,0.985288,1,1.40377
3.03,0.0124013,0.987599,1,1.40542
3.04,0.0102856,0.989714,1,1.40692
3.05,0.00836578,0.991634,1,1.40829
3.06,0.0066426,0.993357,1,1.40951
3.07,0.00511676,0.994883,1,1.41059
3.08,0.00378886,0.996211,1,1.41153
3.09,0.00265944,0.997341,1,1.41233
3.1,0.00172895,0.998271,1,1.41299
3.11,0.000997764,0.999002,1,1.41351
3.12,0.00046617,0.999534,1,1.41388
3.13,0.000134384,0.999866,1,1.41412
3.14,2.53654e-06,0.999997,1,1.41421
3.15,7.06818e-05,0.999929,1,1.41416
3.16,0.000338792,0.999661,1,1.41397
3.17,0.00080676,0.999193,1,1.41364
3.18,0.0014744,0.998526,1,1.41317
3.19,0.00234144,0.997659,1,1.41256
3.2,0.00340754,0.996592,1,1.4118
3.21,0.00467227,0.995328,1,1.41091
3.22,0.00613512,0.993865,1,1.40987
3.23,0.00779552,0.992204,1,1.40869
3.24,0.00965279,0.990347,1,1.40737
3.25,0.0117062,0.988294,1,1.40591
3.26,0.0139549,0.986045,1,1.40431
3.27,0.016398,0.983602,1,1.40257
3.28,0.0190346,0.980965,1,1.40069
3.29,0.0218635,0.978136,1,1.39867
3.3,0.0248837,0.975116,1,1.39651
3.31,0.0280939,0.971906,1,1.39421
3.32,0.0314929,0.968507,1,1.39177
3.33,0.0350793,0.964921,1,1.38919
3.34,0.0388516,0.961148,1,1.38647
3.35,0.0428084,0.957192,1,1.38361
3.36,0.0469481,0.953052,1,1.38062
3.37,0.051269,0.948731,1,1.37748
3.38,0.0557693,0.944231,1,1.37421
3.39,0.0604474,0.939553,1,1.3708
3.4,0.0653013,0.934699,1,1.36726
3.41,0.070329,0.929671,1,1.36358
3.42,0.0755286,0.924471,1,1.35976
3.43,0.080898,0.919102,1,1.3558
3.44,0.086435,0.913565,1,1.35171
3.45,0.0921375,0.907863,1,1.34749
3.46,0.098003,0.901997,1,1.34313
3.47,0.104029,0.895971,1,1.33863
3.48,0.110214,0.889786,1,1.33401
3.49,0.116555,0.883445,1,1.32924
3.5,0.123049,0.876951,1,1.32435
3.51,0.129694,0.870306,1,1.31932
3.52,0.136487,0.863513,1,1.31416
3.53,0.143425,0.856575,1,1.30887
3.54,0.150506,0.849494,1,1.30345
3.55,0.157727,0.842273,1,1.2979
3.56,0.165084,0.834916,1,1.29222
3.57,0.172576,0.827424,1,1.28641
3.58,0.180199,0.819801,1,1.28047
3.59,0.187949,0.812051,1,1.2744
3.6,0.195824,0.804176,1,1.26821
3.61,0.203821,0.796179,1,1.26189
3.62,0.211937,0.788063,1,1.25544
3.63,0.220167,0.779833,1,1.24887
3.64,0.22851,0.77149,1,1.24217
3.65,0.236961,0.763039,1,1.23535
3.66,0.245518,0.754482,1,1.2284
3.67,0.254176,0.745824,1,1.22133
3.68,0.262932,0.737068,1,1.21414
3.69,0.271784,0.728216,1,1.20683
3.7,0.280726,0.719274,1,1.19939
3.71,0.289757,0.710243,1,1.19184
3.72,0.298871,0.701129,1,1.18417
3.73,0.308066,0.691934,1,1.17638
3.74,0.317338,0.682662,1,1.16847
3.75,0.326682,0.673318,1,1.16045
3.76,0.336096,0.663904,1,1.15231
3.77,0.345576,0.654424,1,1.14405
3.78,0.355117,0.644883,1,1.13568
3.79,0.364717,0.635283,1,1.12719
3.8,0.37437,0.62563,1,1.1186
3.81,0.384074,0.615926,1,1.10989
3.82,0.393824,0.606176,1,1.10107
3.83,0.403616,0.596384,1,1.09214
3.84,0.413447,0.586553,1,1.0831
3.85,0.423313,0.576687,1,1.07395
3.86,0.433209,0.566791,1,1.0647
3.87,0.443133,0.556867,1,1.05534
3.88,0.453078,0.546922,1,1.04587
3.89,0.463043,0.536957,1,1.0363
3.9,0.473022,0.526978,1,1.02662
3.91,0.483012,0.516988,1,1.01685
3.92,0.493009,0.506991,1,1.00697
3.93,0.503009,0.496991,1,0.996986
3.94,0.513008,0.486992,1,0.986907
3.95,0.523001,0.476999,1,0.976728
3.96,0.532985,0.467015,1,0.966452
3.97,0.542956,0.457044,1,0.956079
3.98,0.55291,0.44709,1,0.945611
3.99,0.562843,0.437157,1,0.935048
4,0.57275,0.42725,1,0.924392
4.01,0.582628,0.417372,1,0.913643
4.02,0.592474,0.407526,1,0.902803
4.03,0.602282,0.397718,1,0.891872
4.04,0.612049,0.387951,1,0.880852
4.05,0.621772,0.378228,1,0.869745
4.06,0.631446,0.368554,1,0.85855
4.07,0.641067,0.358933,1,0.847269
4.08,0.650632,0.349368,1,0.835904
4.09,0.660137,0.339863,1,0.824455
4.1,0.669577,0.330423,1,0.812924
4.11,0.67895,0.32105,1,0.801311
4.12,0.688251,0.311749,1,0.789618
4.13,0.697477,0.302523,1,0.777847
4.14,0.706624,0.293376,1,0.765997
4.15,0.715688,0.284312,1,0.754071
4.16,0.724666,0.275334,1,0.74207
4.17,0.733555,0.266445,1,0.729994
4.18,0.742349,0.257651,1,0.717845
4.19,0.751047,0.248953,1,0.705625
4.2,0.759644,0.240356,1,0.693334
4.21,0.768138,0.231862,1,0.680973
4.22,0.776524,0.223476,1,0.668545
4.23,0.7848,0.2152,1,0.656049
4.24,0.792961,0.207039,1,0.643488
4.25,0.801006,0.198994,1,0.630863
4.26,0.80893,0.19107,1,0.618175
4.27,0.816731,0.183269,1,0.605424
4.28,0.824405,0.175595,1,0.592614
4.29,0.831949,0.168051,1,0.579744
4.3,0.83936,0.16064,1,0.566816
4.31,0.846636,0.153364,1,0.553831
4.32,0.853773,0.146227,1,0.540791
4.33,0.860768,0.139232,1,0.527697
4.34,0.867619,0.132381,1,0.51455
4.35,0.874323,0.125677,1,0.501352
4.36,0.880878,0.119122,1,0.488103
4.37,0.88728,0.11272,1,0.474806
4.38,0.893527,0.106473,1,0.461461
4.39,0.899617,0.100383,1,0.44807
4.4,0.905547,0.0944535,1,0.434634
4.41,0.911314,0.0886858,1,0.421155
4.42,0.916917,0.0830827,1,0.407634
4.43,0.922354,0.0776463,1,0.394072
4.44,0.927621,0.0723788,1,0.38047
4.45,0.932718,0.0672824,1,0.366831
4.46,0.937641,0.0623591,1,0.353155
4.47,0.942389,0.0576108,1,0.339443
4.48,0.946961,0.0530394,1,0.325698
4.49,0.951353,0.0486469,1,0.31192
4.5,0.955565,0.0444349,1,0.29811
4.51,0.959595,0.0404051,1,0.284271
4.52,0.963441,0.0365591,1,0.270404
4.53,0.967102,0.0328985,1,0.256509
4.54,0.970575,0.0294247,1,0.242589
4.55,0.973861,0.0261392,1,0.228645
4.56,0.976957,0.0230432,1,0.214677
4.57,0.979862,0.020138,1,0.200689
4.58,0.982575,0.0174247,1,0.18668
4.59,0.985096,0.0149044,1,0.172652
4.6,0.987422,0.0125782,1,0.158608
4.61,0.989553,0.0104469,1,0.144547
4.62,0.991489,0.00851146,1,0.130472
4.63,0.993227,0.0067726,1,0.116384
4.64,0.994769,0.00523102,1,0.102284
4.65,0.996113,0.00388734,1,0.0881741
4.66,0.997258,0.0027421,1,0.0740553
4.67,0.998204,0.00179575,1,0.0599291
4.68,0.998951,0.00104868,1,0.0457969
4.69,0.999499,0.000501183,1,0.0316602
4.7,0.999847,0.000153479,1,0.0175202
4.71,0.999994,5.70721e-06,1,0.00337852
4.72,0.999942,5.79265e-05,1,0.0107635
4.73,0.99969,0.000310116,1,0.0249045
4.74,0.999238,0.000762175,1,0.0390429
4.75,0.998586,0.00141392,1,0.0531775
4.76,0.997735,0.0022651,1,0.0673067
4.77,0.996685,0.00331536,1,0.0814292
4.78,0.995436,0.00456429,1,0.0955436
4.79,0.993989,0.00601139,1,0.109648
4.8,0.992344,0.00765607,1,0.123742
4.81,0.990502,0.00949769,1,0.137824
4.82,0.988465,0.0115355,1,0.151891
4.83,0.986231,0.0137687,1,0.165944
4.84,0.983804,0.0161964,1,0.17998
4.85,0.981182,0.0188176,1,0.193998
4.86,0.978369,0.0216312,1,0.207996
4.87,0.975364,0.0246362,1,0.221974
4.88,0.972169,0.0278314,1,0.235929
4.89,0.968785,0.0312154,1,0.249861
4.9,0.965213,0.0347869,1,0.263768
4.91,0.961456,0.0385445,1,0.277649
4.92,0.957513,0.0424866,1,0.291502
4.93,0.953388,0.0466118,1,0.305325
4.94,0.949082,0.0509183,1,0.319118
4.95,0.944596,0.0554044,1,0.33288
4.96,0.939932,0.0600684,1,0.346608
4.97,0.935092,0.0649083,1,0.360301
4.98,0.930078,0.0699223,1,0.373958
4.99,0.924892,0.0751083,1,0.387578
5,0.919536,0.0804642,1,0.401159
5.01,0.914012,0.085988,1,0.4147
5.02,0.908323,0.0916773,1,0.428199
5.03,0.90247,0.09753,1,0.441656
5.04,0.896456,0.103544,1,0.455069
5.05,0.890284,0.109716,1,0.468436
5.06,0.883956,0.116044,1,0.481756
5.07,0.877474,0.122526,1,0.495028
5.08,0.870841,0.129159,1,0.50825
5.09,0.86406,0.13594,1,0.521422
5.1,0.857133,0.142867,1,0.534541
5.11,0.850063,0.149937,1,0.547607
5.12,0.842853,0.157147,1,0.560619
5.13,0.835507,0.164493,1,0.573574
5.14,0.828025,0.171975,1,0.586472
5.15,0.820413,0.179587,1,0.599311
5.16,0.812673,0.187327,1,0.61209
5.17,0.804807,0.195193,1,0.624808
5.18,0.79682,0.20318,1,0.637464
5.19,0.788714,0.211286,1,0.650056
5.2,0.780492,0.219508,1,0.662583
5.21,0.772158,0.227842,1,0.675043
5.22,0.763716,0.236284,1,0.687436
5.23,0.755167,0.244833,1,0.699761
5.24,0.746517,0.253483,1,0.712015
5.25,0.737768,0.262232,1,0.724198
5.26,0.728925,0.271075,1,0.736309
5.27,0.719989,0.280011,1,0.748346
5.28,0.710966,0.289034,1,0.760308
5.29,0.701858,0.298142,1,0.772195
5.3,0.692669,0.307331,1,0.784004
5.31,0.683403,0.316597,1,0.795734
5.32,0.674064,0.325936,1,0.807385
5.33,0.664656,0.335344,1,0.818956
5.34,0.655181,0.344819,1,0.830444
5.35,0.645645,0.354355,1,0.84185
5.36,0.63605,0.36395,1,0.853171
5.37,0.626401,0.373599,1,0.864407
5.38,0.616701,0.383299,1,0.875556
5.39,0.606954,0.393046,1,0.886618
5.4,0.597165,0.402835,1,0.897591
5.41,0.587337,0.412663,1,0.908475
5.42,0.577474,0.422526,1,0.919267
5.43,0.56758,0.43242,1,0.929968
5.44,0.557659,0.442341,1,0.940576
5.45,0.547714,0.452286,1,0.951089
5.46,0.537751,0.462249,1,0.961508
5.47,0.527773,0.472227,1,0.97183
5.48,0.517783,0.482217,1,0.982056
5.49,0.507787,0.492213,1,0.992183
5.5,0.497787,0.502213,1,1.00221
5.51,0.487788,0.512212,1,1.01214
5.52,0.477794,0.522206,1,1.02196
5.53,0.467809,0.532191,1,1.03169
5.54,0.457837,0.542163,1,1.04131
5.55,0.447882,0.552118,1,1.05083
5.56,0.437948,0.562052,1,1.06024
5.57,0.428038,0.571962,1,1.06954
5.58,0.418157,0.581843,1,1.07874
5.59,0.408309,0.591691,1,1.08783
5.6,0.398498,0.601502,1,1.09682
5.61,0.388727,0.611273,1,1.10569
5.62,0.379,0.621,1,1.11445
5.63,0.369323,0.630677,1,1.1231
5.64,0.359697,0.640303,1,1.13164
5.65,0.350127,0.649873,1,1.14006
5.66,0.340618,0.659382,1,1.14837
5.67,0.331172,0.668828,1,1.15657
5.68,0.321794,0.678206,1,1.16465
5.69,0.312487,0.687513,1,1.17262
5.7,0.303255,0.696745,1,1.18046
5.71,0.294101,0.705899,1,1.18819
5.72,0.28503,0.71497,1,1.1958
5.7301,0.275956,0.724044,1,1.20337
5.7401,0.267061,0.732939,1,1.21073
5.7501,0.25826,0.74174,1,1.21798
5.7601,0.249555,0.750445,1,1.22511
5.7701,0.240951,0.759049,1,1.23211
5.7801,0.23245,0.76755,1,1.23899
5.7901,0.224056,0.775944,1,1.24575
5.8001,0.215773,0.784227,1,1.25238
5.8101,0.207603,0.792397,1,1.25889
5.8201,0.19955,0.80045,1,1.26527
5.8301,0.191618,0.808382,1,1.27152
5.8401,0.183808,0.816192,1,1.27765
5.8501,0.176126,0.823874,1,1.28365
5.8601,0.168572,0.831428,1,1.28952
5.8701,0.161152,0.838848,1,1.29526
5.8801,0.153867,0.846133,1,1.30087
5.8901,0.14672,0.85328,1,1.30635
5.9001,0.139714,0.860286,1,1.31171
5.9101,0.132853,0.867147,1,1.31693
5.9201,0.126139,0.873861,1,1.32201
5.9301,0.119574,0.880426,1,1.32697
5.9401,0.113161,0.886839,1,1.33179
5.9501,0.106903,0.893097,1,1.33649
5.9601,0.100802,0.899198,1,1.34104
5.9701,0.0948612,0.905139,1,1.34547
5.9801,0.0890821,0.910918,1,1.34975
5.9901,0.0834674,0.916533,1,1.35391
6.0001,0.0780194,0.921981,1,1.35793
6.0101,0.0727401,0.92726,1,1.36181
6.0201,0.0676317,0.932368,1,1.36555
6.0301,0.0626962,0.937304,1,1.36916
6.0401,0.0579357,0.942064,1,1.37264
6.0501,0.053352,0.946648,1,1.37597
6.0601,0.0489469,0.951053,1,1.37917
6.0701,0.0447223,0.955278,1,1.38223
6.0801,0.0406797,0.95932,1,1.38515
6.0901,0.0368209,0.963179,1,1.38793
6.1001,0.0331474,0.966853,1,1.39058
6.1101,0.0296605,0.970339,1,1.39308
6.1201,0.0263619,0.973638,1,1.39545
6.1301,0.0232526,0.976747,1,1.39767
6.1401,0.0203341,0.979666,1,1.39976
6.1501,0.0176074,0.982393,1,1.40171
6.1601,0.0150736,0.984926,1,1.40351
6.1701,0.0127339,0.987266,1,1.40518
6.1801,0.010589,0.989411,1,1.40671
6.1901,0.00863988,0.99136,1,1.40809
6.2001,0.0068873,0.993113,1,1.40934
6.2101,0.00533196,0.994668,1,1.41044
6.2201,0.00397448,0.996026,1,1.4114
6.2301,0.0028154,0.997185,1,1.41222
6.2401,0.0018552,0.998145,1,1.4129
6.2501,0.00109424,0.998906,1,1.41344
6.2601,0.000532837,0.999467,1,1.41384
6.2701,0.000171215,0.999829,1,1.41409
6.2801,9.51907e-06,0.99999,1,1.41421
6.2901,4.78123e-05,0.999952,1,1.41418
6.3001,0.00028608,0.999714,1,1.41401
6.3101,0.000724226,0.999276,1,1.4137
6.3201,0.00136208,0.998638,1,1.41325
6.3301,0.00219937,0.997801,1,1.41266
6.3401,0.00323579,0.996764,1,1.41192
6.3501,0.0044709,0.995529,1,1.41105
6.3601,0.00590421,0.994096,1,1.41003
6.3701,0.00753516,0.992465,1,1.40888
6.3801,0.00936309,0.990637,1,1.40758
6.3901,0.0113873,0.988613,1,1.40614
6.4001,0.0136069,0.986393,1,1.40456
6.4101,0.016021,0.983979,1,1.40284
6.4201,0.0186288,0.981371,1,1.40098
6.4301,0.0214291,0.978571,1,1.39898
6.4401,0.0244208,0.975579,1,1.39684
6.4501,0.0276027,0.972397,1,1.39456
6.4601,0.0309736,0.969026,1,1.39214
6.4701,0.0345321,0.965468,1,1.38958
6.4801,0.0382768,0.961723,1,1.38688
6.4901,0.0422062,0.957794,1,1.38405
6.5001,0.0463186,0.953681,1,1.38107
6.5101,0.0506126,0.949387,1,1.37796
6.5201,0.0550863,0.944914,1,1.37471
6.5301,0.0597379,0.940262,1,1.37132
6.5401,0.0645657,0.935434,1,1.3678
6.5501,0.0695676,0.930432,1,1.36414
6.5601,0.0747416,0.925258,1,1.36034
6.5701,0.0800858,0.919914,1,1.3564
6.5801,0.085598,0.914402,1,1.35233
6.5901,0.0912759,0.908724,1,1.34813
6.6001,0.0971172,0.902883,1,1.34379
6.6101,0.10312,0.89688,1,1.33931
6.6201,0.109281,0.890719,1,1.33471
6.6301,0.115599,0.884401,1,1.32996
6.6401,0.12207,0.87793,1,1.32509
6.6501,0.128692,0.871308,1,1.32008
6.6601,0.135463,0.864537,1,1.31494
6.6701,0.14238,0.85762,1,1.30967
6.6801,0.14944,0.85056,1,1.30427
6.6901,0.15664,0.84336,1,1.29874
6.7001,0.163978,0.836022,1,1.29308
6.7101,0.171449,0.828551,1,1.28728
6.7201,0.179053,0.820947,1,1.28136
6.7301,0.186784,0.813216,1,1.27532
6.7401,0.194641,0.805359,1,1.26914
6.7501,0.20262,0.79738,1,1.26284
6.7601,0.210718,0.789282,1,1.25641
6.7701,0.218932,0.781068,1,1.24985
6.7801,0.227258,0.772742,1,1.24318
6.7901,0.235693,0.764307,1,1.23637
6.8001,0.244234,0.755766,1,1.22944
6.8101,0.252877,0.747123,1,1.22239
6.8201,0.261619,0.738381,1,1.21522
6.8301,0.270457,0.729543,1,1.20793
6.8401,0.279386,0.720614,1,1.20051
6.8501,0.288403,0.711597,1,1.19298
6.8601,0.297505,0.702495,1,1.18532
6.8701,0.306689,0.693311,1,1.17755
6.8801,0.315949,0.684051,1,1.16966
6.8901,0.325283,0.674717,1,1.16165
6.9001,0.334687,0.665313,1,1.15353
6.9101,0.344157,0.655843,1,1.14529
6.9201,0.353689,0.646311,1,1.13694
6.9301,0.36328,0.63672,1,1.12847
6.9401,0.372926,0.627074,1,1.11989
6.9501,0.382622,0.617378,1,1.1112
6.9601,0.392366,0.607634,1,1.10239
6.9701,0.402152,0.597848,1,1.09348
6.9801,0.411978,0.588022,1,1.08446
6.9901,0.421838,0.578162,1,1.07532
7.0001,0.43173,0.56827,1,1.06609
7.0101,0.44165,0.55835,1,1.05674
7.0201,0.451592,0.548408,1,1.04729
7.0301,0.461555,0.538445,1,1.03773
7.0401,0.471532,0.528468,1,1.02807
7.0501,0.481521,0.518479,1,1.01831
7.0601,0.491517,0.508483,1,1.00845
7.0701,0.501517,0.498483,1,0.998482
7.0801,0.511516,0.488484,1,0.988417
7.0901,0.52151,0.47849,1,0.978254
7.1001,0.531496,0.468504,1,0.967992
7.1101,0.541469,0.458531,1,0.957634
7.1201,0.551425,0.448575,1,0.94718
7.1301,0.561361,0.438639,1,0.936631
7.1401,0.571273,0.428727,1,0.925988
7.1501,0.581156,0.418844,1,0.915253
7.1601,0.591006,0.408994,1,0.904426
7.1701,0.600821,0.399179,1,0.893509
7.1801,0.610594,0.389406,1,0.882503
7.1901,0.620324,0.379676,1,0.871408
7.2001,0.630005,0.369995,1,0.860226
7.2101,0.639635,0.360365,1,0.848959
7.2201,0.649208,0.350792,1,0.837606
7.2301,0.658722,0.341278,1,0.826169
7.2401,0.668172,0.331828,1,0.81465
7.2501,0.677556,0.322444,1,0.80305
7.2601,0.686868,0.313132,1,0.791369
7.2701,0.696105,0.303895,1,0.779609
7.2801,0.705264,0.294736,1,0.767771
7.2901,0.714341,0.285659,1,0.755856
7.3001,0.723332,0.276668,1,0.743866
7.3101,0.732234,0.267766,1,0.731801
7.3201,0.741043,0.258957,1,0.719663
7.3301,0.749755,0.250245,1,0.707453
7.3401,0.758368,0.241632,1,0.695173
7.3501,0.766877,0.233123,1,0.682822
7.3601,0.775279,0.224721,1,0.670404
7.3701,0.783572,0.216428,1,0.657919
7.3801,0.791751,0.208249,1,0.645367
7.3901,0.799813,0.200187,1,0.632752
7.4001,0.807755,0.192245,1,0.620072
7.4101,0.815574,0.184426,1,0.607331
7.4201,0.823267,0.176733,1,0.59453
7.4301,0.830831,0.169169,1,0.581668
7.4401,0.838262,0.161738,1,0.568749
7.4501,0.845558,0.154442,1,0.555773
7.4601,0.852716,0.147284,1,0.542741
7.4701,0.859733,0.140267,1,0.529655
7.4801,0.866606,0.133394,1,0.516516
7.4901,0.873332,0.126668,1,0.503325
7.5001,0.879909,0.120091,1,0.490084
7.5101,0.886334,0.113666,1,0.476794
7.5201,0.892604,0.107396,1,0.463456
7.5301,0.898718,0.101282,1,0.450072
7.5401,0.904672,0.0953284,1,0.436643
7.5501,0.910464,0.0895363,1,0.42317
7.5601,0.916092,0.0839085,1,0.409655
7.5701,0.921553,0.0784471,1,0.396099
7.5801,0.926846,0.0731542,1,0.382503
7.5901,0.931968,0.0680322,1,0.368869
7.6001,0.936917,0.0630829,1,0.355198
7.6101,0.941692,0.0583083,1,0.341492
7.6201,0.94629,0.0537105,1,0.327751
7.6301,0.950709,0.0492911,1,0.313978
7.6401,0.954948,0.045052,1,0.300173
7.6501,0.959005,0.0409949,1,0.286339
7.6601,0.962879,0.0371214,1,0.272475
7.6701,0.966567,0.0334331,1,0.258585
7.6801,0.970069,0.0299313,1,0.244668
7.6901,0.973382,0.0266176,1,0.230728
7.7001,0.976507,0.0234932,1,0.216764
7.7101,0.979441,0.0205595,1,0.202778
7.7201,0.982183,0.0178175,1,0.188772
7.7301,0.984732,0.0152683,1,0.174747
7.7401,0.987087,0.0129131,1,0.160705
7.7501,0.989247,0.0107526,1,0.146647
7.7601,0.991212,0.0087879,1,0.132574
7.7701,0.99298,0.00701964,1,0.118487
7.7801,0.994551,0.00544857,1,0.104389
7.7901,0.995925,0.00407531,1,0.0902808
7.8001,0.9971,0.00290042,1,0.0761633
7.8101,0.998076,0.00192436,1,0.0620381
7.8201,0.998852,0.00114753,1,0.0479067
7.8301,0.99943,0.000570224,1,0.0337705
7.8401,0.999807,0.000192687,1,0.019631
7.8501,0.999985,1.5067e-05,1,0.00548944
7.8601,0.999963,3.7434e-05,1,0.00865263
7.8701,0.99974,0.000259779,1,0.0227938
7.8801,0.999318,0.000682014,1,0.0369328
7.8901,0.998696,0.00130397,1,0.051068
7.9001,0.997875,0.0021254,1,0.0651981
7.9101,0.996854,0.00314597,1,0.0793217
7.9201,0.995635,0.00436527,1,0.0934374
7.9301,0.994217,0.00578282,1,0.107544
7.9401,0.992602,0.00739806,1,0.121639
7.9501,0.99079,0.00921032,1,0.135723
7.9601,0.988781,0.0112189,1,0.149793
7.9701,0.986577,0.013423,1,0.163847
7.9801,0.984178,0.0158217,1,0.177886
7.9901,0.981586,0.0184141,1,0.191907
8.0001,0.978801,0.0211991,1,0.205908
8.0101,0.975824,0.0241756,1,0.219889
8.0201,0.972658,0.0273424,1,0.233848
8.0301,0.969302,0.0306983,1,0.247783
8.0401,0.965758,0.0342419,1,0.261694
8.0501,0.962028,0.0379718,1,0.275579
8.0601,0.958113,0.0418865,1,0.289436
8.0701,0.954016,0.0459845,1,0.303264
8.0801,0.949736,0.050264,1,0.317062
8.0901,0.945277,0.0547235,1,0.330828
8.1001,0.940639,0.059361,1,0.344561
8.1101,0.935825,0.0641748,1,0.358259
8.1201,0.930837,0.0691629,1,0.371922
8.1301,0.925677,0.0743234,1,0.385547
8.1401,0.920346,0.0796541,1,0.399134
8.1501,0.914847,0.0851529,1,0.412681
8.1601,0.909182,0.0908177,1,0.426187
8.1701,0.903354,0.0966461,1,0.43965
8.1801,0.897364,0.102636,1,0.453069
8.1901,0.891215,0.108785,1,0.466443
8.2001,0.88491,0.11509,1,0.47977
8.2101,0.878451,0.121549,1,0.49305
8.2201,0.87184,0.12816,1,0.50628
8.2301,0.865081,0.134919,1,0.519459
8.2401,0.858176,0.141824,1,0.532586
8.2501,0.851127,0.148873,1,0.54566
8.2601,0.843938,0.156062,1,0.55868
8.2701,0.836612,0.163388,1,0.571644
8.2801,0.829151,0.170849,1,0.58455
8.2901,0.821558,0.178442,1,0.597398
8.3001,0.813836,0.186164,1,0.610187
8.3101,0.805989,0.194011,1,0.622914
8.3201,0.79802,0.20198,1,0.635579
8.3301,0.789931,0.210069,1,0.64818
8.3401,0.781727,0.218273,1,0.660717
8.3501,0.773409,0.226591,1,0.673188
8.3601,0.764983,0.235017,1,0.685591
8.3701,0.75645,0.24355,1,0.697925
8.3801,0.747815,0.252185,1,0.71019
8.3901,0.73908,0.26092,1,0.722384
8.4001,0.730251,0.269749,1,0.734506
8.4101,0.721328,0.278672,1,0.746554
8.4201,0.712318,0.287682,1,0.758528
8.4301,0.703222,0.296778,1,0.770425
8.4401,0.694046,0.305954,1,0.782246
8.4501,0.684791,0.315209,1,0.793988
8.4601,0.675463,0.324537,1,0.805651
8.4701,0.666064,0.333936,1,0.817234
8.4801,0.656599,0.343401,1,0.828735
8.4901,0.647072,0.352928,1,0.840152
8.5001,0.637486,0.362514,1,0.851486
8.5101,0.627844,0.372156,1,0.862735
8.5201,0.618152,0.381848,1,0.873897
8.5301,0.608412,0.391588,1,0.884972
8.5401,0.598629,0.401371,1,0.895959
8.5501,0.588806,0.411194,1,0.906856
8.5601,0.578948,0.421052,1,0.917662
8.5701,0.569058,0.430942,1,0.928377
8.5801,0.559141,0.440859,1,0.938998
8.5901,0.5492,0.4508,1,0.949526
8.6001,0.539239,0.460761,1,0.959959
8.6101,0.529263,0.470737,1,0.970296
8.6201,0.519275,0.480725,1,0.980536
8.6301,0.509279,0.490721,1,0.990677
8.6401,0.49928,0.50072,1,1.00072
8.6501,0.489281,0.510719,1,1.01066
8.6601,0.479286,0.520714,1,1.0205
8.6701,0.469299,0.530701,1,1.03024
8.6801,0.459325,0.540675,1,1.03988
8.6901,0.449367,0.550633,1,1.04941
8.7001,0.439429,0.560571,1,1.05884
8.7101,0.429515,0.570485,1,1.06816
8.7201,0.41963,0.58037,1,1.07738
8.7301,0.409777,0.590223,1,1.08648
8.7401,0.39996,0.60004,1,1.09548
8.7501,0.390182,0.609818,1,1.10437
8.7601,0.380449,0.619551,1,1.11315
8.7701,0.370764,0.629236,1,1.12182
8.7801,0.36113,0.63887,1,1.13037
8.7901,0.351552,0.648448,1,1.13881
8.8001,0.342033,0.657967,1,1.14714
8.8101,0.332578,0.667422,1,1.15535
8.8201,0.323189,0.676811,1,1.16345
8.8301,0.313871,0.686129,1,1.17143
8.8401,0.304628,0.695372,1,1.1793
8.8501,0.295462,0.704538,1,1.18704
8.8601,0.286379,0.713621,1,1.19467
8.8701,0.277381,0.722619,1,1.20218
8.8801,0.268472,0.731528,1,1.20957
8.8901,0.259655,0.740345,1,1.21684
8.9001,0.250935,0.749065,1,1.22398
8.9101,0.242315,0.757685,1,1.231
8.9201,0.233797,0.766203,1,1.2379
8.9301,0.225386,0.774614,1,1.24468
8.9401,0.217085,0.782915,1,1.25133
8.9501,0.208897,0.791103,1,1.25786
8.9601,0.200825,0.799175,1,1.26426
8.9701,0.192873,0.807127,1,1.27053
8.9801,0.185044,0.814956,1,1.27668
8.9901,0.177341,0.822659,1,1.2827
9.0001,0.169767,0.830233,1,1.28859
9.0101,0.162325,0.837675,1,1.29435
9.0201,0.155018,0.844982,1,1.29999
9.0301,0.147849,0.852151,1,1.30549
9.0401,0.140821,0.859179,1,1.31086
9.0501,0.133936,0.866064,1,1.3161
9.0601,0.127198,0.872802,1,1.32121
9.0701,0.120609,0.879391,1,1.32619
9.0801,0.114172,0.885828,1,1.33104
9.0901,0.107889,0.892111,1,1.33575
9.1001,0.101763,0.898237,1,1.34033
9.1101,0.0957966,0.904203,1,1.34477
9.1201,0.0899916,0.910008,1,1.34908
9.1301,0.0843506,0.915649,1,1.35325
9.1401,0.0788758,0.921124,1,1.35729
9.1501,0.0735695,0.926431,1,1.3612
9.1601,0.0684338,0.931566,1,1.36497
9.1701,0.0634706,0.936529,1,1.3686
9.1801,0.0586821,0.941318,1,1.37209
9.1901,0.0540701,0.94593,1,1.37545
9.2001,0.0496365,0.950364,1,1.37867
9.2101,0.045383,0.954617,1,1.38175
9.2201,0.0413113,0.958689,1,1.38469
9.2301,0.0374231,0.962577,1,1.3875
9.2401,0.03372,0.96628,1,1.39017
9.2501,0.0302033,0.969797,1,1.39269
9.2601,0.0268746,0.973125,1,1.39508
9.2701,0.0237351,0.976265,1,1.39733
9.2801,0.0207861,0.979214,1,1.39944
9.2901,0.0180288,0.981971,1,1.40141
9.3001,0.0154642,0.984536,1,1.40324
9.3101,0.0130935,0.986907,1,1.40492
9.3201,0.0109175,0.989082,1,1.40647
9.3301,0.00893716,0.991063,1,1.40788
9.3401,0.00715323,0.992847,1,1.40915
9.3501,0.00556644,0.994434,1,1.41027
9.3601,0.00417741,0.995823,1,1.41126
9.3701,0.0029867,0.997013,1,1.4121
9.3801,0.00199479,0.998005,1,1.4128
9.3901,0.00120208,0.998798,1,1.41336
9.4001,0.000608878,0.999391,1,1.41378
9.4101,0.000215427,0.999785,1,1.41406
9.4201,2.18831e-05,0.999978,1,1.4142
9.4301,2.83239e-05,0.999972,1,1.41419
9.4401,0.000234747,0.999765,1,1.41405
9.4501,0.000641069,0.999359,1,1.41376
9.4601,0.00124713,0.998753,1,1.41333
9.4701,0.00205268,0.997947,1,1.41276
9.4801,0.00305741,0.996943,1,1.41205
9.4901,0.0042609,0.995739,1,1.4112
9.5001,0.00566269,0.994337,1,1.4102
9.5101,0.0072622,0.992738,1,1.40907
9.5201,0.00905881,0.990941,1,1.40779
9.5301,0.0110518,0.988948,1,1.40638
9.5401,0.0132403,0.98676,1,1.40482
9.5501,0.0156236,0.984376,1,1.40312
9.5601,0.0182006,0.981799,1,1.40128
9.5701,0.0209703,0.97903,1,1.39931
9.5801,0.0239316,0.976068,1,1.39719
9.5901,0.0270833,0.972917,1,1.39493
9.6001,0.0304242,0.969576,1,1.39253
9.6101,0.0339529,0.966047,1,1.39
9.6201,0.037668,0.962332,1,1.38732
9.6301,0.0415681,0.958432,1,1.38451
9.6401,0.0456515,0.954349,1,1.38156
9.6501,0.0499166,0.950083,1,1.37847
9.6601,0.0543618,0.945638,1,1.37524
9.6701,0.0589852,0.941015,1,1.37187
9.6801,0.0637851,0.936215,1,1.36837
9.6901,0.0687594,0.931241,1,1.36473
9.7001,0.0739062,0.926094,1,1.36095
9.7101,0.0792234,0.920777,1,1.35704
9.7201,0.0847089,0.915291,1,1.35299
9.7301,0.0903606,0.909639,1,1.34881
9.7401,0.0961761,0.903824,1,1.34449
9.7501,0.102153,0.897847,1,1.34004
9.7601,0.108289,0.891711,1,1.33545
9.7701,0.114582,0.885418,1,1.33073
9.7801,0.121029,0.878971,1,1.32587
9.7901,0.127628,0.872372,1,1.32089
9.8001,0.134375,0.865625,1,1.31577
9.8101,0.141269,0.858731,1,1.31052
9.8201,0.148306,0.851694,1,1.30514
9.8301,0.155484,0.844516,1,1.29963
9.8401,0.1628,0.8372,1,1.29399
9.8501,0.17025,0.82975,1,1.28822
9.8601,0.177833,0.822167,1,1.28232
9.8701,0.185544,0.814456,1,1.27629
9.8801,0.193381,0.806619,1,1.27013
9.8901,0.201341,0.798659,1,1.26385
9.9001,0.20942,0.79058,1,1.25744
9.9101,0.217616,0.782384,1,1.25091
9.9201,0.225924,0.774076,1,1.24425
9.9301,0.234342,0.765658,1,1.23746
9.9401,0.242867,0.757133,1,1.23056
9.9501,0.251494,0.748506,1,1.22352
9.9601,0.26022,0.73978,1,1.21637
9.9701,0.269043,0.730957,1,1.2091
9.9801,0.277958,0.722042,1,1.2017
9.9901,0.286961,0.713039,1,1.19418
10.0001,0.29605,0.70395,1,1.18655
10.0101,0.305221,0.694779,1,1.1788
10.0201,0.314469,0.685531,1,1.17092
10.0301,0.323792,0.676208,1,1.16293
10.0401,0.333185,0.666815,1,1.15483
10.0501,0.342644,0.657356,1,1.14661
10.0601,0.352167,0.647833,1,1.13827
10.0701,0.361749,0.638251,1,1.12982
10.0801,0.371386,0.628614,1,1.12126
10.0901,0.381075,0.618925,1,1.11259
10.1001,0.390811,0.609189,1,1.1038
10.1101,0.400591,0.599409,1,1.09491
10.1201,0.41041,0.58959,1,1.0859
10.1301,0.420266,0.579734,1,1.07679
10.1401,0.430153,0.569847,1,1.06756
10.1501,0.440068,0.559932,1,1.05824
10.1601,0.450008,0.549992,1,1.0488
10.1701,0.459967,0.540033,1,1.03926
10.1801,0.469942,0.530058,1,1.02962
10.1901,0.479929,0.520071,1,1.01987
10.2001,0.489925,0.510075,1,1.01003
10.2101,0.499924,0.500076,1,1.00008
10.2201,0.509923,0.490077,1,0.990027
10.2301,0.519919,0.480081,1,0.979879
10.2401,0.529906,0.470094,1,0.969633
10.2501,0.539881,0.460119,1,0.95929
10.2601,0.549841,0.450159,1,0.948851
10.2701,0.559781,0.440219,1,0.938317
10.2801,0.569696,0.430304,1,0.927689
10.2901,0.579584,0.420416,1,0.916969
10.3001,0.58944,0.41056,1,0.906157
10.3101,0.59926,0.40074,1,0.895254
10.3201,0.609041,0.390959,1,0.884262
10.3301,0.618777,0.381223,1,0.873181
10.3401,0.628467,0.371533,1,0.862013
10.3501,0.638105,0.361895,1,0.850759
10.3601,0.647687,0.352313,1,0.83942
10.3701,0.657211,0.342789,1,0.827996
10.3801,0.666672,0.333328,1,0.81649
10.3901,0.676066,0.323934,1,0.804903
10.4001,0.68539,0.31461,1,0.793234
10.4101,0.694639,0.305361,1,0.781487
10.4201,0.703811,0.296189,1,0.769661
10.4301,0.712901,0.287099,1,0.757759
10.4401,0.721906,0.278094,1,0.74578
10.4501,0.730822,0.269178,1,0.733727
10.4601,0.739646,0.260354,1,0.721601
10.4701,0.748374,0.251626,1,0.709403
10.4801,0.757003,0.242997,1,0.697133
10.4901,0.765529,0.234471,1,0.684794
10.5001,0.773948,0.226052,1,0.672386
10.5101,0.782258,0.217742,1,0.659911
10.5201,0.790456,0.209544,1,0.647371
10.5301,0.798537,0.201463,1,0.634765
10.5401,0.806498,0.193502,1,0.622096
10.5501,0.814337,0.185663,1,0.609365
10.5601,0.822051,0.177949,1,0.596573
10.5701,0.829635,0.170365,1,0.583721
10.5801,0.837088,0.162912,1,0.57081
10.5901,0.844406,0.155594,1,0.557843
10.6001,0.851586,0.148414,1,0.54482
10.6101,0.858625,0.141375,1,0.531742
10.6201,0.865521,0.134479,1,0.518612
10.6301,0.872271,0.127729,1,0.505429
10.6401,0.878872,0.121128,1,0.492196
10.6501,0.885321,0.114679,1,0.478913
10.6601,0.891616,0.108384,1,0.465583
10.6701,0.897755,0.102245,1,0.452206
10.6801,0.903734,0.0962658,1,0.438784
10.6901,0.909552,0.0904479,1,0.425318
10.7001,0.915206,0.0847937,1,0.41181
10.7101,0.920694,0.0793056,1,0.39826
10.7201,0.926014,0.0739858,1,0.384671
10.7301,0.931164,0.0688364,1,0.371043
10.7401,0.936141,0.0638595,1,0.357378
10.7501,0.940943,0.059057,1,0.343677
10.7601,0.945569,0.0544309,1,0.329942
10.7701,0.950017,0.0499829,1,0.316174
10.7801,0.954285,0.045715,1,0.302374
10.7901,0.958371,0.0416288,1,0.288544
10.8001,0.962274,0.037726,1,0.274685
10.8101,0.965992,0.034008,1,0.260799
10.8201,0.969524,0.0304765,1,0.246887
10.8301,0.972867,0.0271327,1,0.232949
10.8401,0.976022,0.0239781,1,0.218989
10.8501,0.978986,0.0210139,1,0.205007
10.8601,0.981759,0.0182413,1,0.191004
10.8701,0.984339,0.0156613,1,0.176982
10.8801,0.986725,0.0132751,1,0.162943
10.8901,0.988916,0.0110836,1,0.148887
10.9001,0.990912,0.00908768,1,0.134816
10.9101,0.992712,0.00728808,1,0.120732
10.9201,0.994314,0.00568556,1,0.106635
10.9301,0.995719,0.00428076,1,0.0925285
10.9401,0.996926,0.00307424,1,0.0784123
10.9501,0.997934,0.00206649,1,0.0642882
10.9601,0.998742,0.0012579,1,0.0501577
10.9701,0.999351,0.000648799,1,0.0360222
10.9801,0.999761,0.000239434,1,0.0218831
10.9901,0.99997,2.99675e-05,1,0.00774177
11.0001,0.99998,2.0482e-05,1,0.00640031
11.0101,0.999789,0.000210982,1,0.0205417
11.0201,0.999399,0.00060139,1,0.0346811
11.0301,0.998808,0.00119155,1,0.048817
11.0401,0.998019,0.00198123,1,0.0629481
11.0501,0.99703,0.00297011,1,0.0770728
11.0601,0.995842,0.00415779,1,0.0911898
11.0701,0.994456,0.00554381,1,0.105298
11.0801,0.992872,0.0071276,1,0.119395
11.0901,0.991091,0.00890853,1,0.133481
11.1001,0.989114,0.0108859,1,0.147553
11.1101,0.986941,0.0130589,1,0.16161
11.1201,0.984573,0.0154267,1,0.175651
11.1301,0.982012,0.0179883,1,0.189675
11.1401,0.979257,0.0207427,1,0.203679
11.1501,0.976311,0.0236887,1,0.217664
11.1601,0.973175,0.0268254,1,0.231626
11.1701,0.969849,0.0301512,1,0.245566
11.1801,0.966335,0.033665,1,0.25948
11.1901,0.962635,0.0373654,1,0.273369
11.2001,0.958749,0.0412507,1,0.287231
11.2101,0.95468,0.0453196,1,0.301063
11.2201,0.95043,0.0495704,1,0.314866
11.2301,0.945999,0.0540013,1,0.328637
11.2401,0.941389,0.0586106,1,0.342376
11.2501,0.936604,0.0633964,1,0.35608
11.2601,0.931643,0.0683569,1,0.369748
11.2701,0.92651,0.07349,1,0.38338
11.2801,0.921206,0.0787938,1,0.396973
11.2901,0.915734,0.084266,1,0.410526
11.3001,0.910096,0.0899045,1,0.424039
11.3101,0.904293,0.095707,1,0.437509
11.3201,0.898329,0.101671,1,0.450935
11.3301,0.892205,0.107795,1,0.464316
11.3401,0.885925,0.114075,1,0.477651
11.3501,0.87949,0.12051,1,0.490938
11.3601,0.872903,0.127097,1,0.504176
11.3701,0.866168,0.133832,1,0.517363
11.3801,0.859285,0.140715,1,0.530499
11.3901,0.852259,0.147741,1,0.543582
11.4001,0.845093,0.154907,1,0.55661
11.4101,0.837788,0.162212,1,0.569583
11.4201,0.830348,0.169652,1,0.582499
11.4301,0.822776,0.177224,1,0.595356
11.4401,0.815074,0.184926,1,0.608154
11.4501,0.807247,0.192753,1,0.620891
11.4601,0.799297,0.200703,1,0.633566
11.4701,0.791227,0.208773,1,0.646178
11.4801,0.783041,0.216959,1,0.658725
11.4901,0.774741,0.225259,1,0.671206
11.5001,0.766332,0.233668,1,0.68362
11.5101,0.757816,0.242184,1,0.695966
11.5201,0.749197,0.250803,1,0.708242
11.5301,0.740478,0.259522,1,0.720447
11.5401,0.731663,0.268337,1,0.73258
11.5501,0.722755,0.277245,1,0.74464
11.5601,0.713759,0.286241,1,0.756626
11.5701,0.704677,0.295323,1,0.768536
11.5801,0.695512,0.304488,1,0.780369
11.5901,0.68627,0.31373,1,0.792124
11.6001,0.676953,0.323047,1,0.803799
11.6101,0.667566,0.332434,1,0.815395
11.6201,0.658111,0.341889,1,0.826908
11.6301,0.648593,0.351407,1,0.83834
11.6401,0.639016,0.360984,1,0.849687
11.6501,0.629383,0.370617,1,0.860949
11.6601,0.619699,0.380301,1,0.872125
11.6701,0.609966,0.390034,1,0.883215
11.6801,0.60019,0.39981,1,0.894215
11.6901,0.590373,0.409627,1,0.905127
11.7001,0.58052,0.41948,1,0.915947
11.7101,0.570635,0.429365,1,0.926676
11.7201,0.560722,0.439278,1,0.937313
11.7301,0.550785,0.449215,1,0.947856
11.7401,0.540827,0.459173,1,0.958304
11.7501,0.530853,0.469147,1,0.968656
11.7601,0.520866,0.479134,1,0.978911
11.7701,0.510872,0.489128,1,0.989069
11.7801,0.500872,0.499128,1,0.999127
11.7901,0.490873,0.509127,1,1.00909
11.8001,0.480877,0.519123,1,1.01894
11.8101,0.470889,0.529111,1,1.0287
11.8201,0.460912,0.539088,1,1.03835
11.8301,0.450951,0.549049,1,1.0479
11.8401,0.44101,0.55899,1,1.05735
11.8501,0.431092,0.568908,1,1.06668
11.8601,0.421202,0.578798,1,1.07592
11.8701,0.411344,0.588656,1,1.08504
11.8801,0.401521,0.598479,1,1.09406
11.8901,0.391737,0.608263,1,1.10296
11.9001,0.381996,0.618004,1,1.11176
11.9101,0.372303,0.627697,1,1.12044
11.9201,0.362661,0.637339,1,1.12902
11.9301,0.353074,0.646926,1,1.13748
11.9401,0.343545,0.656455,1,1.14582
11.9501,0.334079,0.665921,1,1.15405
11.9601,0.32468,0.67532,1,1.16217
11.9701,0.31535,0.68465,1,1.17017
11.9801,0.306095,0.693905,1,1.17805
11.9901,0.296917,0.703083,1,1.18582
12.0001,0.28782,0.71218,1,1.19347
12.0101,0.278808,0.721192,1,1.20099
12.0201,0.269885,0.730115,1,1.2084
12.0301,0.261053,0.738947,1,1.21569
12.0401,0.252317,0.747683,1,1.22285
12.0501,0.243681,0.756319,1,1.22989
12.0601,0.235146,0.764854,1,1.23681
12.0701,0.226718,0.773282,1,1.24361
12.0801,0.218399,0.781601,1,1.25028
12.0901,0.210193,0.789807,1,1.25683
12.1001,0.202103,0.797897,1,1.26325
12.1101,0.194131,0.805869,1,1.26954
12.1201,0.186282,0.813718,1,1.27571
12.1301,0.178559,0.821441,1,1.28175
12.1401,0.170964,0.829036,1,1.28766
12.1501,0.163501,0.836499,1,1.29344
12.1601,0.156172,0.843828,1,1.2991
12.1701,0.148981,0.851019,1,1.30462
12.1801,0.14193,0.85807,1,1.31002
12.1901,0.135023,0.864977,1,1.31528
12.2001,0.128261,0.871739,1,1.32041
12.2101,0.121649,0.878351,1,1.32541
12.2201,0.115187,0.884813,1,1.33027
12.2301,0.108879,0.891121,1,1.33501
12.2401,0.102728,0.897272,1,1.33961
12.2501,0.0967361,0.903264,1,1.34407
12.2601,0.0909052,0.909095,1,1.3484
12.2701,0.0852379,0.914762,1,1.3526
12.2801,0.0797365,0.920263,1,1.35666
12.2901,0.0744032,0.925597,1,1.36059
12.3001,0.0692402,0.93076,1,1.36438
12.3101,0.0642494,0.935751,1,1.36803
12.3201,0.059433,0.940567,1,1.37154
12.3301,0.0547927,0.945207,1,1.37492
12.3401,0.0503306,0.949669,1,1.37817
12.3501,0.0460483,0.953952,1,1.38127
12.3601,0.0419475,0.958052,1,1.38423
12.3701,0.03803,0.96197,1,1.38706
12.3801,0.0342973,0.965703,1,1.38975
12.3901,0.0307508,0.969249,1,1.3923
12.4001,0.0273921,0.972608,1,1.39471
12.4101,0.0242224,0.975778,1,1.39698
12.4201,0.0212429,0.978757,1,1.39911
12.4301,0.018455,0.981545,1,1.4011
12.4401,0.0158597,0.98414,1,1.40295
12.4501,0.013458,0.986542,1,1.40467
12.4601,0.011251,0.988749,1,1.40624
12.4701,0.00923943,0.990761,1,1.40767
12.4801,0.00742417,0.992576,1,1.40895
12.4901,0.00580593,0.994194,1,1.4101
12.5001,0.00438537,0.995615,1,1.41111
12.5101,0.00316304,0.996837,1,1.41198
12.5201,0.00213944,0.997861,1,1.4127
12.5301,0.00131498,0.998685,1,1.41328
12.5401,0.000689986,0.99931,1,1.41373
12.5501,0.000264709,0.999735,1,1.41403
12.5601,3.932e-05,0.999961,1,1.41419
12.5701,1.39083e-05,0.999986,1,1.4142
12.5801,0.000188484,0.999812,1,1.41408
12.5901,0.000562978,0.999437,1,1.41382
12.6001,0.00113724,0.998863,1,1.41341
12.6101,0.00191104,0.998089,1,1.41286
12.6201,0.00288407,0.997116,1,1.41217
12.6301,0.00405594,0.995944,1,1.41134
12.6401,0.00542618,0.994574,1,1.41037
12.6501,0.00699424,0.993006,1,1.40926
12.6601,0.0087595,0.99124,1,1.40801
12.6701,0.0107213,0.989279,1,1.40661
12.6801,0.0128787,0.987121,1,1.40508
12.6901,0.015231,0.984769,1,1.4034
12.7001,0.0177772,0.982223,1,1.40159
12.7101,0.0205163,0.979484,1,1.39963
12.7201,0.0234471,0.976553,1,1.39754
12.7301,0.0265686,0.973431,1,1.3953
12.7401,0.0298795,0.970121,1,1.39293
12.7501,0.0333784,0.966622,1,1.39041
12.7601,0.0370639,0.962936,1,1.38776
12.7701,0.0409346,0.959065,1,1.38497
12.7801,0.0449889,0.955011,1,1.38204
12.7901,0.0492252,0.950775,1,1.37897
12.8001,0.0536419,0.946358,1,1.37576
12.8101,0.058237,0.941763,1,1.37242
12.8201,0.0630089,0.936991,1,1.36893
12.8301,0.0679555,0.932044,1,1.36532
12.8401,0.073075,0.926925,1,1.36156
12.8501,0.0783652,0.921635,1,1.35767
12.8601,0.0838241,0.916176,1,1.35364
12.8701,0.0894494,0.910551,1,1.34948
12.8801,0.095239,0.904761,1,1.34518
12.8901,0.10119,0.89881,1,1.34075
12.9001,0.107301,0.892699,1,1.33619
12.9101,0.113569,0.886431,1,1.33149
12.9201,0.119992,0.880008,1,1.32666
12.9301,0.126567,0.873433,1,1.32169
12.9401,0.133291,0.866709,1,1.31659
12.9501,0.140161,0.859839,1,1.31136
12.9601,0.147176,0.852824,1,1.306
12.9701,0.154332,0.845668,1,1.30051
12.9801,0.161626,0.838374,1,1.29489
12.9901,0.169055,0.830945,1,1.28914
13.0001,0.176617,0.823383,1,1.28326
13.0101,0.184308,0.815692,1,1.27726
13.0201,0.192125,0.807875,1,1.27112
13.0301,0.200065,0.799935,1,1.26486
13.0401,0.208126,0.791874,1,1.25847
13.0501,0.216303,0.783697,1,1.25196
13.0601,0.224594,0.775406,1,1.24532
13.0701,0.232995,0.767005,1,1.23855
13.0801,0.241502,0.758498,1,1.23166
13.0901,0.250113,0.749887,1,1.22465
13.1001,0.258824,0.741176,1,1.21752
13.1101,0.267632,0.732368,1,1.21026
13.1201,0.276532,0.723468,1,1.20289
13.1301,0.285522,0.714478,1,1.19539
13.1401,0.294597,0.705403,1,1.18777
13.1501,0.303755,0.696245,1,1.18004
13.1601,0.312991,0.687009,1,1.17219
13.1701,0.322302,0.677698,1,1.16421
13.1801,0.331684,0.668316,1,1.15613
13.1901,0.341134,0.658866,1,1.14793
13.2001,0.350646,0.649354,1,1.13961
13.2101,0.360219,0.639781,1,1.13118
13.2201,0.369848,0.630152,1,1.12263
13.2301,0.379528,0.620472,1,1.11398
13.2401,0.389257,0.610743,1,1.10521
13.2501,0.39903,0.60097,1,1.09633
13.2601,0.408844,0.591156,1,1.08734
13.2701,0.418694,0.581306,1,1.07824
13.2801,0.428576,0.571424,1,1.06904
13.2901,0.438487,0.561513,1,1.05973
13.3001,0.448423,0.551577,1,1.05031
13.3101,0.458379,0.541621,1,1.04079
13.3201,0.468352,0.531648,1,1.03116
13.3301,0.478338,0.521662,1,1.02143
13.3401,0.488332,0.511668,1,1.0116
13.3501,0.498331,0.501669,1,1.00167
13.3601,0.508331,0.491669,1,0.991634
13.3701,0.518327,0.481673,1,0.981502
13.3801,0.528316,0.471684,1,0.971271
13.3901,0.538294,0.461706,1,0.960944
13.4001,0.548256,0.451744,1,0.95052
13.4101,0.558199,0.441801,1,0.940001
13.4201,0.568119,0.431881,1,0.929388
13.4301,0.578011,0.421989,1,0.918683
13.4401,0.587872,0.412128,1,0.907885
13.4501,0.597699,0.402301,1,0.896997
13.4601,0.607486,0.392514,1,0.886018
13.4701,0.61723,0.38277,1,0.874952
13.4801,0.626927,0.373073,1,0.863798
13.4901,0.636573,0.363427,1,0.852557
13.5001,0.646165,0.353835,1,0.841231
13.5101,0.655698,0.344302,1,0.829821
13.5201,0.665169,0.334831,1,0.818328
13.5301,0.674574,0.325426,1,0.806754
13.5401,0.683909,0.316091,1,0.795098
13.5501,0.693171,0.306829,1,0.783363
13.5601,0.702355,0.297645,1,0.77155
13.5701,0.711459,0.288541,1,0.759659
13.5801,0.720478,0.279522,1,0.747693
13.5901,0.729408,0.270592,1,0.735652
13.6001,0.738247,0.261753,1,0.723537
13.6101,0.74699,0.25301,1,0.71135
13.6201,0.755635,0.244365,1,0.699092
13.6301,0.764178,0.235822,1,0.686764
13.6401,0.772615,0.227385,1,0.674367
13.6501,0.780942,0.219058,1,0.661903
13.6601,0.789158,0.210842,1,0.649372
13.6701,0.797258,0.202742,1,0.636777
13.6801,0.805238,0.194762,1,0.624118
13.6901,0.813097,0.186903,1,0.611396
13.7001,0.820831,0.179169,1,0.598614
13.7101,0.828436,0.171564,1,0.585771
13.7201,0.83591,0.16409,1,0.57287
13.7301,0.843249,0.156751,1,0.559912
13.7401,0.850451,0.149549,1,0.546898
13.7501,0.857513,0.142487,1,0.533829
13.7601,0.864432,0.135568,1,0.520706
13.7701,0.871206,0.128794,1,0.507532
13.7801,0.87783,0.12217,1,0.494307
13.7901,0.884304,0.115696,1,0.481032
13.8001,0.890624,0.109376,1,0.467709
13.8101,0.896788,0.103212,1,0.45434
13.8201,0.902793,0.0972074,1,0.440925
13.8301,0.908636,0.0913636,1,0.427466
13.8401,0.914317,0.0856832,1,0.413964
13.8501,0.919832,0.0801685,1,0.400421
13.8601,0.925178,0.0748217,1,0.386838
13.8701,0.930355,0.0696451,1,0.373216
13.8801,0.935359,0.0646405,1,0.359557
13.8901,0.94019,0.0598101,1,0.345862
13.9001,0.944844,0.0551557,1,0.332132
13.9101,0.949321,0.0506793,1,0.318369
13.9201,0.953617,0.0463827,1,0.304574
13.9301,0.957733,0.0422674,1,0.290749
13.9401,0.961665,0.0383352,1,0.276894
13.9501,0.965412,0.0345877,1,0.263012
13.9601,0.968974,0.0310264,1,0.249104
13.9701,0.972347,0.0276526,1,0.235171
13.9801,0.975532,0.0244678,1,0.221214
13.9901,0.978527,0.0214732,1,0.207235
14.0001,0.98133,0.01867,1,0.193236
14.0101,0.983941,0.0160593,1,0.179217
14.0201,0.986358,0.0136422,1,0.16518
14.0301,0.98858,0.0114196,1,0.151126
14.0401,0.990608,0.00939244,1,0.137058
14.0501,0.992438,0.00756152,1,0.122976
14.0601,0.994072,0.00592756,1,0.108881
14.0701,0.995509,0.00449123,1,0.0947759
14.0801,0.996747,0.0032531,1,0.080661
14.0901,0.997786,0.00221366,1,0.0665381
14.1001,0.998627,0.00137333,1,0.0524086
14.1101,0.999268,0.00073244,1,0.0382738
14.1201,0.999709,0.000291252,1,0.0241351
14.1301,0.99995,4.99407e-05,1,0.00999407
14.1401,0.999991,8.60284e-06,1,0.00414797
14.1501,0.999833,0.000167255,1,0.0182896
14.1601,0.999474,0.000525833,1,0.0324294
14.1701,0.998916,0.00108419,1,0.046566
14.1801,0.998158,0.00184212,1,0.0606979
14.1901,0.997201,0.00279929,1,0.0748237
14.2001,0.996045,0.00395534,1,0.0889421
14.2101,0.99469,0.00530981,1,0.103052
14.2201,0.993138,0.00686214,1,0.117151
14.2301,0.991388,0.00861172,1,0.131238
14.2401,0.989442,0.0105578,1,0.145312
14.2501,0.9873,0.0126997,1,0.159372
14.2601,0.984963,0.0150366,1,0.173416
14.2701,0.982433,0.0175674,1,0.187443
14.2801,0.979709,0.0202911,1,0.20145
14.2901,0.976793,0.0232067,1,0.215438
14.3001,0.973687,0.0263131,1,0.229404
14.3101,0.970391,0.0296089,1,0.243347
14.3201,0.966907,0.0330929,1,0.257266
14.3301,0.963236,0.0367636,1,0.271159
14.3401,0.95938,0.0406196,1,0.285025
14.3501,0.955341,0.0446594,1,0.298862
14.3601,0.951119,0.0488813,1,0.31267
14.3701,0.946716,0.0532836,1,0.326446
14.3801,0.942135,0.0578646,1,0.34019
14.3901,0.937378,0.0626224,1,0.3539
14.4001,0.932445,0.0675552,1,0.367574
14.4101,0.927339,0.072661,1,0.381211
14.4201,0.922062,0.0779377,1,0.394811
14.4301,0.916617,0.0833833,1,0.408371
14.4401,0.911005,0.0889954,1,0.42189
14.4501,0.905228,0.094772,1,0.435366
14.4601,0.899289,0.100711,1,0.4488
14.4701,0.893191,0.106809,1,0.462188
14.4801,0.886935,0.113065,1,0.47553
14.4901,0.880525,0.119475,1,0.488825
14.5001,0.873962,0.126038,1,0.502071
14.5101,0.86725,0.13275,1,0.515267
14.5201,0.860391,0.139609,1,0.528411
14.5301,0.853388,0.146612,1,0.541502
14.5401,0.846243,0.153757,1,0.554539
14.5501,0.83896,0.16104,1,0.56752
14.5601,0.831542,0.168458,1,0.580445
14.5701,0.82399,0.17601,1,0.593312
14.5801,0.816309,0.183691,1,0.60612
14.5901,0.808502,0.191498,1,0.618867
14.6001,0.800571,0.199429,1,0.631552
14.6101,0.79252,0.20748,1,0.644173
14.6201,0.784352,0.215648,1,0.656731
14.6301,0.776071,0.223929,1,0.669223
14.6401,0.767678,0.232322,1,0.681647
14.6501,0.759179,0.240821,1,0.694004
14.6601,0.750576,0.249424,1,0.706291
14.6701,0.741873,0.258127,1,0.718508
14.6801,0.733073,0.266927,1,0.730653
14.6901,0.72418,0.27582,1,0.742724
14.7001,0.715197,0.284803,1,0.754722
14.7101,0.706129,0.293871,1,0.766644
14.7201,0.696977,0.303023,1,0.778489
14.7301,0.687747,0.312253,1,0.790257
14.7401,0.678442,0.321558,1,0.801945
14.7501,0.669065,0.330935,1,0.813553
14.7601,0.659621,0.340379,1,0.82508
14.7701,0.650113,0.349887,1,0.836525
14.7801,0.640545,0.359455,1,0.847885
14.7901,0.630921,0.369079,1,0.859161
14.8001,0.621244,0.378756,1,0.870351
14.8101,0.611519,0.388481,1,0.881454
14.8201,0.601749,0.398251,1,0.892469
14.8301,0.591939,0.408061,1,0.903395
14.8401,0.582092,0.417908,1,0.91423
14.8501,0.572212,0.427788,1,0.924974
14.8601,0.562303,0.437697,1,0.935625
14.8701,0.552369,0.447631,1,0.946183
14.8801,0.542414,0.457586,1,0.956646
14.8901,0.532442,0.467558,1,0.967014
14.9001,0.522458,0.477542,1,0.977284
14.9101,0.512464,0.487536,1,0.987458
14.9201,0.502465,0.497535,1,0.997532
14.9301,0.492465,0.507535,1,1.00751
14.9401,0.482469,0.517531,1,1.01738
14.9501,0.472479,0.527521,1,1.02715
14.9601,0.4625,0.5375,1,1.03682
14.9701,0.452537,0.547463,1,1.04639
14.9801,0.442592,0.557408,1,1.05585
14.9901,0.43267,0.56733,1,1.0652
15.0001,0.422775,0.577225,1,1.07445
15.0101,0.412912,0.587088,1,1.08359
15.0201,0.403082,0.596918,1,1.09263
15.0301,0.393292,0.606708,1,1.10155
15.0401,0.383545,0.616455,1,1.11037
15.0501,0.373844,0.626156,1,1.11907
15.0601,0.364193,0.635807,1,1.12766
15.0701,0.354597,0.645403,1,1.13614
15.0801,0.345059,0.654941,1,1.1445
15.0901,0.335582,0.664418,1,1.15275
15.1001,0.326172,0.673828,1,1.16089
15.1101,0.316831,0.683169,1,1.1689
15.1201,0.307564,0.692436,1,1.17681
15.1301,0.298373,0.701627,1,1.18459
15.1401,0.289263,0.710737,1,1.19226
15.1501,0.280237,0.719763,1,1.1998
15.1601,0.2713,0.7287,1,1.20723
15.1701,0.262453,0.737547,1,1.21453
15.1801,0.253702,0.746298,1,1.22172
15.1901,0.245049,0.754951,1,1.22878
15.2001,0.236499,0.763501,1,1.23572
15.2101,0.228053,0.771947,1,1.24254
15.2201,0.219717,0.780283,1,1.24923
15.2301,0.211492,0.788508,1,1.25579
15.2401,0.203383,0.796617,1,1.26223
15.2501,0.195393,0.804607,1,1.26855
15.2601,0.187524,0.812476,1,1.27474
15.2701,0.17978,0.82022,1,1.2808
15.2801,0.172165,0.827835,1,1.28673
15.2901,0.164681,0.835319,1,1.29253
15.3001,0.15733,0.84267,1,1.29821
15.3101,0.150117,0.849883,1,1.30375
15.3201,0.143044,0.856956,1,1.30916
15.3301,0.136113,0.863887,1,1.31445
15.3401,0.129328,0.870672,1,1.3196
15.3501,0.122692,0.877308,1,1.32462
15.3601,0.116206,0.883794,1,1.32951
15.3701,0.109874,0.890126,1,1.33426
15.3801,0.103697,0.896303,1,1.33888
15.3901,0.0976797,0.90232,1,1.34337
15.4001,0.091823,0.908177,1,1.34772
15.4101,0.0861295,0.913871,1,1.35194
15.4201,0.0806015,0.919398,1,1.35602
15.4301,0.0752413,0.924759,1,1.35997
15.4401,0.070051,0.929949,1,1.36378
15.4501,0.0650327,0.934967,1,1.36746
15.4601,0.0601883,0.939812,1,1.37099
15.4701,0.0555199,0.94448,1,1.37439
15.4801,0.0510292,0.948971,1,1.37766
15.4901,0.0467182,0.953282,1,1.38078
15.5001,0.0425884,0.957412,1,1.38377
15.5101,0.0386416,0.961358,1,1.38662
15.5201,0.0348794,0.965121,1,1.38933
15.5301,0.0313031,0.968697,1,1.3919
15.5401,0.0279144,0.972086,1,1.39434
15.5501,0.0247145,0.975286,1,1.39663
15.5601,0.0217047,0.978295,1,1.39878
15.5701,0.0188862,0.981114,1,1.4008
15.5801,0.0162601,0.98374,1,1.40267
15.5901,0.0138275,0.986172,1,1.4044
15.6001,0.0115894,0.988411,1,1.40599
15.6101,0.00954668,0.990453,1,1.40745
15.6201,0.00770011,0.9923,1,1.40876
15.6301,0.00605045,0.99395,1,1.40993
15.6401,0.00459836,0.995402,1,1.41096
15.6501,0.00334442,0.996656,1,1.41185
15.6601,0.00228914,0.997711,1,1.41259
15.6701,0.00143294,0.998567,1,1.4132
15.6801,0.00077616,0.999224,1,1.41366
15.6901,0.000319062,0.999681,1,1.41399
15.7001,6.18296e-05,0.999938,1,1.41417
15.7101,4.56564e-06,0.999995,1,1.41421
15.7201,0.000147293,0.999853,1,1.41411
15.7301,0.000489955,0.99951,1,1.41387
15.7401,0.00103241,0.998968,1,1.41348
15.7501,0.00177445,0.998226,1,1.41296
15.7601,0.00271578,0.997284,1,1.41229
15.7701,0.00385601,0.996144,1,1.41148
15.7801,0.00519469,0.994805,1,1.41054
15.7901,0.00673129,0.993269,1,1.40945
15.8001,0.00846518,0.991535,1,1.40822
15.8101,0.0103957,0.989604,1,1.40684
15.8201,0.012522,0.987478,1,1.40533
15.8301,0.0148434,0.985157,1,1.40368
15.8401,0.0173587,0.982641,1,1.40189
15.8501,0.0200672,0.979933,1,1.39995
15.8601,0.0229676,0.977032,1,1.39788
15.8701,0.0260588,0.973941,1,1.39567
15.8801,0.0293395,0.97066,1,1.39331
15.8901,0.0328086,0.967191,1,1.39082
15.9001,0.0364645,0.963536,1,1.38819
15.9101,0.0403058,0.959694,1,1.38542
15.9201,0.044331,0.955669,1,1.38251
15.9301,0.0485384,0.951462,1,1.37946
15.9401,0.0529264,0.947074,1,1.37628
15.9501,0.0574933,0.942507,1,1.37296
15.9601,0.0622371,0.937763,1,1.3695
15.9701,0.0671561,0.932844,1,1.3659
15.9801,0.0722481,0.927752,1,1.36217
15.9901,0.0775113,0.922489,1,1.3583
16.0001,0.0829435,0.917057,1,1.35429
16.0101,0.0885425,0.911458,1,1.35015
16.0201,0.094306,0.905694,1,1.34588
16.0301,0.100232,0.899768,1,1.34147
16.0401,0.106318,0.893682,1,1.33692
16.0501,0.112561,0.887439,1,1.33225
16.0601,0.118959,0.881041,1,1.32743
16.0701,0.125509,0.874491,1,1.32249
16.0801,0.13221,0.86779,1,1.31741
16.0901,0.139057,0.860943,1,1.31221
16.1001,0.146049,0.853951,1,1.30687
16.1101,0.153183,0.846817,1,1.3014
16.1201,0.160455,0.839545,1,1.2958
16.1301,0.167863,0.832137,1,1.29007
16.1401,0.175404,0.824596,1,1.28421
16.1501,0.183074,0.816926,1,1.27822
16.1601,0.190872,0.809128,1,1.27211
16.1701,0.198793,0.801207,1,1.26587
16.1801,0.206834,0.793166,1,1.2595
16.1901,0.214993,0.785007,1,1.253
16.2001,0.223266,0.776734,1,1.24638
16.2101,0.231649,0.768351,1,1.23964
16.2201,0.24014,0.75986,1,1.23277
16.2301,0.248735,0.751265,1,1.22578
16.2401,0.25743,0.74257,1,1.21866
16.2501,0.266222,0.733778,1,1.21143
16.2601,0.275108,0.724892,1,1.20407
16.2701,0.284084,0.715916,1,1.19659
16.2801,0.293146,0.706854,1,1.18899
16.2901,0.302291,0.697709,1,1.18128
16.3001,0.311515,0.688485,1,1.17344
16.3101,0.320814,0.679186,1,1.16549
16.3201,0.330185,0.669815,1,1.15742
16.3301,0.339624,0.660376,1,1.14924
16.3401,0.349127,0.650873,1,1.14094
16.3501,0.358691,0.641309,1,1.13253
16.3601,0.368311,0.631689,1,1.124
16.3701,0.377983,0.622017,1,1.11536
16.3801,0.387705,0.612295,1,1.10661
16.3901,0.397471,0.602529,1,1.09775
16.4001,0.407278,0.592722,1,1.08878
16.4101,0.417123,0.582877,1,1.0797
16.4201,0.427,0.573,1,1.07051
16.4301,0.436907,0.563093,1,1.06122
16.4401,0.446839,0.553161,1,1.05182
16.4501,0.456793,0.543207,1,1.04231
16.4601,0.466763,0.533237,1,1.0327
16.4701,0.476747,0.523253,1,1.02299
16.4801,0.48674,0.51326,1,1.01317
16.4901,0.496739,0.503261,1,1.00326
16.5001,0.506738,0.493262,1,0.993239
16.5101,0.516735,0.483265,1,0.983122
16.5201,0.526726,0.473274,1,0.972907
16.5301,0.536706,0.463294,1,0.962595
16.5401,0.546671,0.453329,1,0.952186
16.5501,0.556617,0.443383,1,0.941683
16.5601,0.566541,0.433459,1,0.931085
16.5701,0.576438,0.423562,1,0.920394
16.5801,0.586304,0.413696,1,0.909611
16.5901,0.596136,0.403864,1,0.898737
16.6001,0.60593,0.39407,1,0.887773
16.6101,0.615681,0.384319,1,0.87672
16.6201,0.625386,0.374614,1,0.86558
16.6301,0.63504,0.36496,1,0.854353
16.6401,0.644641,0.355359,1,0.843041
16.6501,0.654184,0.345816,1,0.831644
16.6601,0.663665,0.336335,1,0.820164
16.6701,0.673081,0.326919,1,0.808602
16.6801,0.682428,0.317572,1,0.79696
16.6901,0.691701,0.308299,1,0.785237
16.7001,0.700898,0.299102,1,0.773437
16.7101,0.710014,0.289986,1,0.761558
16.7201,0.719047,0.280953,1,0.749604
16.7301,0.727992,0.272008,1,0.737575
16.7401,0.736846,0.263154,1,0.725472
16.7501,0.745604,0.254396,1,0.713296
16.7601,0.754265,0.245735,1,0.701049
16.7701,0.762824,0.237176,1,0.688732
16.7801,0.771278,0.228722,1,0.676346
16.7901,0.779623,0.220377,1,0.663892
16.8001,0.787857,0.212143,1,0.651372
16.8101,0.795975,0.204025,1,0.638787
16.8201,0.803975,0.196025,1,0.626138
16.8301,0.811854,0.188146,1,0.613427
16.8401,0.819608,0.180392,1,0.600654
16.8501,0.827233,0.172767,1,0.587821
16.8601,0.834728,0.165272,1,0.574929
16.8701,0.842089,0.157911,1,0.56198
16.8801,0.849314,0.150686,1,0.548974
16.8901,0.856398,0.143602,1,0.535914
16.9001,0.86334,0.13666,1,0.5228
16.9101,0.870137,0.129863,1,0.509634
16.9201,0.876785,0.123215,1,0.496416
16.9301,0.883283,0.116717,1,0.48315
16.9401,0.889628,0.110372,1,0.469834
16.9501,0.895817,0.104183,1,0.456472
16.9601,0.901847,0.0981531,1,0.443064
16.9701,0.907717,0.0922834,1,0.429612
16.9801,0.913423,0.0865768,1,0.416117
16.9901,0.918964,0.0810356,1,0.402581
17.0001,0.924338,0.075662,1,0.389004
17.0101,0.929542,0.070458,1,0.375388
17.0201,0.934574,0.0654259,1,0.361735
17.0301,0.939432,0.0605677,1,0.348045
17.0401,0.944115,0.0558852,1,0.334321
17.0501,0.94862,0.0513803,1,0.320563
17.0601,0.952945,0.0470549,1,0.306773
17.0701,0.957089,0.0429106,1,0.292953
17.0801,0.961051,0.0389492,1,0.279103
17.0901,0.964828,0.0351722,1,0.265225
17.1001,0.968419,0.0315811,1,0.251321
17.1101,0.971823,0.0281774,1,0.237391
17.1201,0.975038,0.0249623,1,0.223438
17.1301,0.978063,0.0219374,1,0.209463
17.1401,0.980896,0.0191036,1,0.195467
17.1501,0.983538,0.0164622,1,0.181451
17.1601,0.985986,0.0140141,1,0.167416
17.1701,0.988239,0.0117605,1,0.153366
17.1801,0.990298,0.00970217,1,0.139299
17.1901,0.99216,0.00783995,1,0.125219
17.2001,0.993825,0.00617458,1,0.111127
17.2101,0.995293,0.00470674,1,0.097023
17.2201,0.996563,0.003437,1,0.0829096
17.2301,0.997634,0.00236589,1,0.0687879
17.2401,0.998506,0.00149382,1,0.0546593
17.2501,0.999179,0.000821147,1,0.0405252
17.2601,0.999652,0.00034814,1,0.0263871
17.2701,0.999925,7.49866e-05,1,0.0122464
17.2801,0.999998,1.7967e-06,1,0.00189563
17.2901,0.999871,0.000128599,1,0.0160374
17.3001,0.999545,0.000455344,1,0.0301776
17.3101,0.999018,0.0009819,1,0.0443148
17.3201,0.998292,0.00170806,1,0.0584475
17.3301,0.997366,0.00263352,1,0.0725744
17.3401,0.996242,0.00375793,1,0.0866941
17.3501,0.994919,0.00508083,1,0.100805
17.3601,0.993398,0.00660168,1,0.114906
17.3701,0.99168,0.00831989,1,0.128995
17.3801,0.989765,0.0102348,1,0.143072
17.3901,0.987654,0.0123455,1,0.157134
17.4001,0.985349,0.0146514,1,0.17118
17.4101,0.982849,0.0171513,1,0.18521
17.4201,0.980156,0.0198444,1,0.199221
17.4301,0.97727,0.0227296,1,0.213212
17.4401,0.974194,0.0258056,1,0.227181
17.4501,0.970929,0.0290714,1,0.241128
17.4601,0.967475,0.0325255,1,0.255051
17.4701,0.963833,0.0361665,1,0.268948
17.4801,0.960007,0.0399931,1,0.282818
17.4901,0.955996,0.0440037,1,0.296661
17.5001,0.951803,0.0481967,1,0.310473
17.5101,0.94743,0.0525704,1,0.324254
17.5201,0.942877,0.0571231,1,0.338003
17.5301,0.938147,0.0618529,1,0.351718
17.5401,0.933242,0.066758,1,0.365398
17.5501,0.928164,0.0718364,1,0.379042
17.5601,0.922914,0.077086,1,0.392647
17.5701,0.917495,0.0825048,1,0.406214
17.5801,0.911909,0.0880905,1,0.419739
17.5901,0.906159,0.0938411,1,0.433223
17.6001,0.900246,0.099754,1,0.446663
17.6101,0.894173,0.105827,1,0.460059
17.6201,0.887942,0.112058,1,0.473409
17.6301,0.881556,0.118444,1,0.486711
17.6401,0.875018,0.124982,1,0.499965
17.6501,0.868329,0.131671,1,0.513168
17.6601,0.861493,0.138507,1,0.526321
17.6701,0.854513,0.145487,1,0.53942
17.6801,0.847391,0.152609,1,0.552466
17.6901,0.840129,0.159871,1,0.565457
17.7001,0.832732,0.167268,1,0.578391
17.7101,0.825202,0.174798,1,0.591267
17.7201,0.817541,0.182459,1,0.604084
17.7301,0.809754,0.190246,1,0.616841
17.7401,0.801843,0.198157,1,0.629535
17.7501,0.79381,0.20619,1,0.642167
17.7601,0.785661,0.214339,1,0.654735
17.7701,0.777397,0.222603,1,0.667237
17.7801,0.769022,0.230978,1,0.679673
17.7901,0.76054,0.23946,1,0.692041
17.8001,0.751953,0.248047,1,0.704339
17.8101,0.743266,0.256734,1,0.716567
17.8201,0.734481,0.265519,1,0.728723
17.8301,0.725603,0.274397,1,0.740807
17.8401,0.716634,0.283366,1,0.752816
17.8501,0.707579,0.292421,1,0.76475
17.8601,0.69844,0.30156,1,0.776608
17.8701,0.689222,0.310778,1,0.788388
17.8801,0.679929,0.320071,1,0.800089
17.8901,0.670563,0.329437,1,0.81171
17.9001,0.66113,0.33887,1,0.82325
17.9101,0.651632,0.348368,1,0.834707
17.9201,0.642073,0.357927,1,0.846082
17.9301,0.632457,0.367543,1,0.857371
17.9401,0.622789,0.377211,1,0.868575
17.9501,0.613071,0.386929,1,0.879692
17.9601,0.603308,0.396692,1,0.890721
17.9701,0.593504,0.406496,1,0.901661
17.9801,0.583662,0.416338,1,0.91251
17.9901,0.573787,0.426213,1,0.923269
18.0001,0.563883,0.436117,1,0.933935
18.0101,0.553953,0.446048,1,0.944508
18.0201,0.544001,0.455999,1,0.954986
18.0301,0.534031,0.465969,1,0.965369
18.0401,0.524048,0.475952,1,0.975655
18.0501,0.514056,0.485944,1,0.985844
18.0601,0.504058,0.495942,1,0.995934
18.0701,0.494058,0.505942,1,1.00592
18.0801,0.48406,0.51594,1,1.01581
18.0901,0.474069,0.525931,1,1.0256
18.1001,0.464089,0.535911,1,1.03529
18.1101,0.454122,0.545878,1,1.04487
18.1201,0.444174,0.555826,1,1.05435
18.1301,0.434249,0.565751,1,1.06372
18.1401,0.424349,0.575651,1,1.07299
18.1501,0.41448,0.58552,1,1.08215
18.1601,0.404645,0.595355,1,1.0912
18.1701,0.394849,0.605151,1,1.10014
18.1801,0.385094,0.614906,1,1.10897
18.1901,0.375385,0.624615,1,1.11769
18.2001,0.365726,0.634274,1,1.1263
18.2101,0.356121,0.643879,1,1.13479
18.2201,0.346574,0.653426,1,1.14318
18.2301,0.337087,0.662913,1,1.15144
18.2401,0.327666,0.672334,1,1.1596
18.2501,0.318314,0.681686,1,1.16764
18.2601,0.309035,0.690965,1,1.17556
18.2701,0.299832,0.700168,1,1.18336
18.2801,0.290708,0.709292,1,1.19104
18.2901,0.281669,0.718331,1,1.19861
18.3001,0.272717,0.727283,1,1.20605
18.3101,0.263856,0.736144,1,1.21338
18.3201,0.255089,0.744911,1,1.22058
18.3301,0.246421,0.753579,1,1.22766
18.3401,0.237854,0.762146,1,1.23462
18.3501,0.229391,0.770609,1,1.24146
18.3601,0.221037,0.778963,1,1.24817
18.3701,0.212794,0.787206,1,1.25476
18.3801,0.204667,0.795333,1,1.26122
18.3901,0.196657,0.803343,1,1.26755
18.4001,0.188769,0.811231,1,1.27376
18.4101,0.181005,0.818995,1,1.27984
18.4201,0.173369,0.826631,1,1.28579
18.4301,0.165864,0.834136,1,1.29162
18.4401,0.158492,0.841508,1,1.29731
18.4501,0.151257,0.848743,1,1.30288
18.4601,0.144161,0.855839,1,1.30831
18.4701,0.137207,0.862793,1,1.31362
18.4801,0.130399,0.869601,1,1.31879
18.4901,0.123739,0.876261,1,1.32383
18.5001,0.117229,0.882771,1,1.32874
18.5101,0.110872,0.889128,1,1.33351
18.5201,0.104671,0.895329,1,1.33816
18.5301,0.0986274,0.901373,1,1.34266
18.5401,0.0927449,0.907255,1,1.34704
18.5501,0.0870252,0.912975,1,1.35128
18.5601,0.0814708,0.918529,1,1.35538
18.5701,0.0760837,0.923916,1,1.35935
18.5801,0.0708662,0.929134,1,1.36318
18.5901,0.0658203,0.93418,1,1.36688
18.6001,0.0609481,0.939052,1,1.37044
18.6101,0.0562516,0.943748,1,1.37386
18.6201,0.0517325,0.948268,1,1.37715
18.6301,0.0473927,0.952607,1,1.3803
18.6401,0.0432339,0.956766,1,1.3833
18.6501,0.0392579,0.960742,1,1.38618
18.6601,0.0354661,0.964534,1,1.38891
18.6701,0.0318602,0.96814,1,1.3915
18.6801,0.0284415,0.971558,1,1.39396
18.6901,0.0252114,0.974789,1,1.39627
18.7001,0.0221712,0.977829,1,1.39845
18.7101,0.0193222,0.980678,1,1.40048
18.7201,0.0166654,0.983335,1,1.40238
18.7301,0.014202,0.985798,1,1.40414
18.7401,0.0119328,0.988067,1,1.40575
18.7501,0.00985891,0.990141,1,1.40722
18.7601,0.00798104,0.992019,1,1.40856
18.7701,0.00629997,0.9937,1,1.40975
18.7801,0.00481637,0.995184,1,1.4108
18.7901,0.00353084,0.996469,1,1.41171
18.8001,0.00244389,0.997556,1,1.41248
18.8101,0.00155596,0.998444,1,1.41311
18.8201,0.0008674,0.999133,1,1.4136
18.8301,0.000378485,0.999622,1,1.41395
18.8401,8.94116e-05,0.999911,1,1.41415
18.8501,2.9603e-07,1,1,1.41421
18.8601,0.000111174,0.999889,1,1.41413
18.8701,0.000422,0.999578,1,1.41392
18.8801,0.000932651,0.999067,1,1.41355
18.8901,0.00164292,0.998357,1,1.41305
18.9001,0.00255253,0.997447,1,1.41241
18.9101,0.00366111,0.996339,1,1.41162
18.9201,0.00496822,0.995032,1,1.4107
18.9301,0.00647333,0.993527,1,1.40963
18.9401,0.00817585,0.991824,1,1.40842
18.9501,0.0100751,0.989925,1,1.40707
18.9601,0.0121703,0.98783,1,1.40558
18.9701,0.0144606,0.985539,1,1.40395
18.9801,0.0169452,0.983055,1,1.40218
18.9901,0.0196229,0.980377,1,1.40027
19.0001,0.0224928,0.977507,1,1.39822
19.0101,0.0255537,0.974446,1,1.39603
19.0201,0.0288044,0.971196,1,1.3937
19.0301,0.0322435,0.967756,1,1.39123
19.0401,0.0358698,0.96413,1,1.38862
19.0501,0.0396817,0.960318,1,1.38587
19.0601,0.0436777,0.956322,1,1.38298
19.0701,0.0478562,0.952144,1,1.37996
19.0801,0.0522156,0.947784,1,1.3768
19.0901,0.056754,0.943246,1,1.3735
19.1001,0.0614698,0.93853,1,1.37006
19.1101,0.066361,0.933639,1,1.36648
19.1201,0.0714256,0.928574,1,1.36277
19.1301,0.0766617,0.923338,1,1.35892
19.1401,0.0820671,0.917933,1,1.35494
19.1501,0.0876397,0.91236,1,1.35082
19.1601,0.0933771,0.906623,1,1.34657
19.1701,0.0992773,0.900723,1,1.34218
19.1801,0.105338,0.894662,1,1.33766
19.1901,0.111556,0.888444,1,1.333
19.2001,0.11793,0.88207,1,1.32821
19.2101,0.124456,0.875544,1,1.32329
19.2201,0.131133,0.868867,1,1.31823
19.2301,0.137957,0.862043,1,1.31304
19.2401,0.144926,0.855074,1,1.30773
19.2501,0.152037,0.847963,1,1.30228
19.2601,0.159287,0.840713,1,1.2967
19.2701,0.166674,0.833326,1,1.29099
19.2801,0.174194,0.825806,1,1.28515
19.2901,0.181844,0.818156,1,1.27918
19.3001,0.189621,0.810379,1,1.27309
19.3101,0.197523,0.802477,1,1.26687
19.3201,0.205546,0.794454,1,1.26052
19.3301,0.213686,0.786314,1,1.25404
19.3401,0.221941,0.778059,1,1.24744
19.3501,0.230307,0.769693,1,1.24072
19.3601,0.238781,0.761219,1,1.23387
19.3701,0.247359,0.752641,1,1.2269
19.3801,0.256039,0.743961,1,1.2198
19.3901,0.264816,0.735184,1,1.21259
19.4001,0.273687,0.726313,1,1.20525
19.4101,0.282649,0.717351,1,1.19779
19.4201,0.291697,0.708303,1,1.19021
19.4301,0.300829,0.699171,1,1.18251
19.4401,0.310041,0.689959,1,1.1747
19.4501,0.319328,0.680672,1,1.16677
19.4601,0.328688,0.671312,1,1.15872
19.4701,0.338117,0.661883,1,1.15055
19.4801,0.34761,0.65239,1,1.14227
19.4901,0.357164,0.642836,1,1.13388
19.5001,0.366775,0.633225,1,1.12537
19.5101,0.376439,0.623561,1,1.11675
19.5201,0.386153,0.613847,1,1.10801
19.5301,0.395913,0.604087,1,1.09917
19.5401,0.405714,0.594286,1,1.09022
19.5501,0.415553,0.584447,1,1.08115
19.5601,0.425425,0.574575,1,1.07198
19.5701,0.435328,0.564672,1,1.06271
19.5801,0.445256,0.554744,1,1.05332
19.5901,0.455206,0.544794,1,1.04383
19.6001,0.465174,0.534826,1,1.03424
19.6101,0.475156,0.524844,1,1.02454
19.6201,0.485148,0.514852,1,1.01474
19.6301,0.495146,0.504854,1,1.00484
19.6401,0.505146,0.494854,1,0.994841
19.6501,0.515144,0.484856,1,0.98474
19.6601,0.525135,0.474865,1,0.974541
19.6701,0.535117,0.464883,1,0.964244
19.6801,0.545085,0.454915,1,0.953851
19.6901,0.555034,0.444966,1,0.943362
19.7001,0.564962,0.435038,1,0.932779
19.7101,0.574863,0.425137,1,0.922103
19.7201,0.584735,0.415265,1,0.911334
19.7301,0.594573,0.405427,1,0.900475
19.7401,0.604373,0.395627,1,0.889525
19.7501,0.614131,0.385869,1,0.878486
19.7601,0.623843,0.376157,1,0.86736
19.7701,0.633506,0.366494,1,0.856147
19.7801,0.643116,0.356884,1,0.844848
19.7901,0.652668,0.347332,1,0.833465
19.8001,0.66216,0.33784,1,0.821998
19.8101,0.671586,0.328414,1,0.810449
19.8201,0.680944,0.319056,1,0.798819
19.8301,0.690229,0.309771,1,0.78711
19.8401,0.699438,0.300562,1,0.775321
19.8501,0.708568,0.291432,1,0.763455
19.8601,0.717614,0.282386,1,0.751513
19.8701,0.726573,0.273427,1,0.739495
19.8801,0.735442,0.264558,1,0.727404
19.8901,0.744216,0.255784,1,0.71524
19.9001,0.752893,0.247107,1,0.703004
19.9101,0.761468,0.238532,1,0.690698
19.9201,0.769939,0.230061,1,0.678323
19.9301,0.778302,0.221698,1,0.66588
19.9401,0.786553,0.213447,1,0.653371
19.9501,0.79469,0.20531,1,0.640796
19.9601,0.802709,0.197291,1,0.628157
19.9701,0.810607,0.189393,1,0.615455
19.9801,0.818381,0.181619,1,0.602692
19.9901,0.826028,0.173972,1,0.589869
20.0001,0.833544,0.166456,1,0.576986
