0.0201,0.00671902,1.99328,2,1.99664
0.04,0.0275591,1.97244,2,1.98617
0.06,0.0640058,1.93599,2,1.96774
0.08,0.117001,1.883,2,1.94062
0.1,0.187187,1.81281,2,1.90411
0.12,0.274742,1.72526,2,1.85756
0.14,0.379286,1.62071,2,1.8004
0.1601,0.500444,1.49956,2,1.73179
0.1801,0.63529,1.36471,2,1.6521
0.2001,0.781946,1.21805,2,1.5608
0.2201,0.937251,1.06275,2,1.45791
0.2401,1.09738,0.902618,2,1.34359
0.2601,1.25795,0.742048,2,1.21823
0.2801,1.41416,0.585838,2,1.08244
0.3001,1.561,0.439004,2,0.93702
0.3201,1.69346,0.306544,2,0.782999
0.3401,1.80681,0.193191,2,0.621597
0.3601,1.89685,0.103152,2,0.454206
0.3801,1.96013,0.0398662,2,0.282369
0.4001,1.9942,0.00580363,2,0.107737
0.4201,1.99769,0.00230983,2,0.0679681
0.4401,1.97048,0.0295235,2,0.242996
0.4601,1.91363,0.0863676,2,0.415614
0.4801,1.82938,0.170616,2,0.584151
0.5001,1.72097,0.279033,2,0.747038
0.5201,1.59244,0.407564,2,0.902845
0.5401,1.44842,0.551575,2,1.05031
0.5601,1.2939,0.706104,2,1.18836
0.5801,1.13388,0.866118,2,1.31614
0.6001,0.97325,1.02675,2,1.433
0.6201,0.816494,1.18351,2,1.53851
0.6401,0.667578,1.33242,2,1.63244
0.6601,0.529817,1.47018,2,1.71475
0.6801,0.405818,1.59418,2,1.7856
0.7001,0.29746,1.70254,2,1.84529
0.7201,0.205917,1.79408,2,1.89425
0.7401,0.131706,1.86829,2,1.93303
0.7601,0.0747729,1.92523,2,1.96226
0.7801,0.0345729,1.96543,2,1.98264
0.8001,0.010173,1.98983,2,1.99491
0.8201,0.000346206,1.99965,2,1.99983
0.8401,0.00366211,1.99634,2,1.99817
0.8601,0.0185686,1.98143,2,1.99069
0.8801,0.0434624,1.95654,2,1.97815
0.9001,0.0767465,1.92325,2,1.96125
0.9201,0.116877,1.88312,2,1.94068
0.9401,0.162396,1.8376,2,1.91708
0.9601,0.211956,1.78804,2,1.89105
0.9801,0.264337,1.73566,2,1.86315
1.0001,0.318448,1.68155,2,1.83388
1.0201,0.373335,1.62667,2,1.8037
1.0401,0.428171,1.57183,2,1.77304
1.0601,0.482256,1.51774,2,1.74227
1.0801,0.535002,1.465,2,1.71172
1.1001,0.585924,1.41408,2,1.68171
1.1201,0.634633,1.36537,2,1.65249
1.1401,0.680818,1.31918,2,1.6243
1.1601,0.72424,1.27576,2,1.59735
1.1801,0.764717,1.23528,2,1.5718
1.2001,0.802119,1.19788,2,1.54783
1.2201,0.836355,1.16365,2,1.52555
1.2401,0.867366,1.13263,2,1.50508
1.2601,0.895121,1.10488,2,1.48653
1.2801,0.919603,1.0804,2,1.46996
1.3001,0.940813,1.05919,2,1.45546
1.3201,0.958759,1.04124,2,1.44308
1.3401,0.973454,1.02655,2,1.43286
1.3601,0.984911,1.01509,2,1.42484
1.3801,0.993147,1.00685,2,1.41905
1.4001,0.998171,1.00183,2,1.41551
1.4201,0.999992,1.00001,2,1.41422
1.4401,0.998613,1.00139,2,1.41519
1.4601,0.994031,1.00597,2,1.41843
1.4801,0.98624,1.01376,2,1.42391
1.5001,0.975228,1.02477,2,1.43162
1.5201,0.960981,1.03902,2,1.44154
1.5401,0.943485,1.05652,2,1.45363
1.5601,0.922726,1.07727,2,1.46784
1.5801,0.898695,1.1013,2,1.48412
1.6001,0.871392,1.12861,2,1.5024
1.6201,0.840829,1.15917,2,1.52261
1.6401,0.807035,1.19296,2,1.54465
1.6601,0.770066,1.22993,2,1.5684
1.6801,0.730007,1.26999,2,1.59373
1.7001,0.686982,1.31302,2,1.6205
1.7201,0.641166,1.35883,2,1.64854
1.7401,0.592788,1.40721,2,1.67762
1.7601,0.54215,1.45785,2,1.70754
1.7801,0.48963,1.51037,2,1.73803
1.8001,0.435697,1.5643,2,1.76879
1.8201,0.380925,1.61907,2,1.79949
1.8401,0.326,1.674,2,1.82975
1.8601,0.271727,1.72827,2,1.85918
1.8801,0.219046,1.78095,2,1.8873
1.9001,0.169026,1.83097,2,1.91362
1.9201,0.122872,1.87713,2,1.93759
1.9401,0.0819134,1.91809,2,1.95862
1.9601,0.0475939,1.95241,2,1.97606
1.9801,0.0214475,1.97855,2,1.98925
2.0001,0.00506638,1.99493,2,1.99747
2.0201,5.61107e-05,1.99994,2,1.99997
2.0401,0.00797979,1.99202,2,1.99601
2.0601,0.0302892,1.96971,2,1.9848
2.0801,0.0682448,1.93176,2,1.96558
2.1,0.122511,1.87749,2,1.93778
2.12,0.194233,1.80577,2,1.9004
2.14,0.283315,1.71669,2,1.85294
2.16,0.389323,1.61068,2,1.79481
2.18,0.511182,1.48882,2,1.72558
2.2,0.647117,1.35288,2,1.64492
2.22,0.794625,1.20537,2,1.55266
2.24,0.950488,1.04951,2,1.4488
2.26,1.11083,0.889169,2,1.33354
2.28,1.27122,0.728775,2,1.20729
2.3,1.42684,0.573155,2,1.07066
2.32,1.57267,0.427331,2,0.924479
2.34,1.70371,0.296291,2,0.769793
2.36,1.81527,0.184732,2,0.607835
2.38,1.90319,0.0968056,2,0.440013
2.4,1.96412,0.0358793,2,0.267878
2.42,1.99567,0.00433284,2,0.0930896
2.44,1.99659,0.00341352,2,0.0826259
2.46,1.96684,0.0331579,2,0.257518
2.48,1.90761,0.0923893,2,0.429859
2.5,1.82121,0.178792,2,0.597983
2.52,1.71095,0.289052,2,0.760331
2.54,1.58094,0.419059,2,0.915487
2.56,1.43586,0.56414,2,1.0622
2.58,1.28068,0.719318,2,1.19943
2.6,1.12043,0.879565,2,1.32632
2.62,0.95996,1.04004,2,1.44225
2.64,0.803716,1.19628,2,1.54679
2.66,0.655613,1.34439,2,1.63975
2.68,0.518911,1.48109,2,1.7211
2.7,0.396156,1.60384,2,1.791
2.72,0.289166,1.71083,2,1.84978
2.74,0.199057,1.80094,2,1.89786
2.76,0.126299,1.8737,2,1.93582
2.78,0.0707884,1.92921,2,1.96429
2.8,0.0319474,1.96805,2,1.98396
2.82,0.00881414,1.99119,2,1.99559
2.84,0.000141124,1.99986,2,1.99993
2.86,0.00448488,1.99552,2,1.99776
2.88,0.0202865,1.97971,2,1.98983
2.9,0.0459411,1.95406,2,1.9769
2.92,0.0798547,1.92015,2,1.95967
2.94,0.120489,1.87951,2,1.93882
2.96,0.166395,1.8336,2,1.915
2.98,0.216236,1.78376,2,1.88879
3,0.268801,1.7312,2,1.86075
3.02,0.323012,1.67699,2,1.83139
3.04,0.377924,1.62208,2,1.80115
3.06,0.432723,1.56728,2,1.77047
3.08,0.486717,1.51328,2,1.7397
3.1,0.539327,1.46067,2,1.70919
3.12,0.590079,1.40992,2,1.67924
3.14,0.638588,1.36141,2,1.6501
3.16,0.684551,1.31545,2,1.622
3.18,0.727733,1.27227,2,1.59516
3.2,0.767958,1.23204,2,1.56974
3.22,0.805098,1.1949,2,1.5459
3.24,0.839067,1.16093,2,1.52377
3.26,0.869808,1.13019,2,1.50346
3.28,0.897289,1.10271,2,1.48507
3.3,0.921498,1.0785,2,1.46867
3.32,0.942436,1.05756,2,1.45435
3.34,0.96011,1.03989,2,1.44214
3.36,0.974533,1.02547,2,1.43211
3.38,0.985722,1.01428,2,1.42427
3.4,0.993689,1.00631,2,1.41867
3.42,0.998446,1.00155,2,1.41531
3.44,1,1,2,1.41421
3.46,0.998353,1.00165,2,1.41538
3.48,0.993504,1.0065,2,1.4188
3.5,0.985444,1.01456,2,1.42447
3.52,0.974163,1.02584,2,1.43237
3.54,0.959645,1.04035,2,1.44247
3.56,0.941877,1.05812,2,1.45473
3.58,0.920846,1.07915,2,1.46912
3.6,0.896542,1.10346,2,1.48557
3.62,0.868966,1.13103,2,1.50402
3.64,0.838132,1.16187,2,1.52438
3.66,0.80407,1.19593,2,1.54656
3.68,0.76684,1.23316,2,1.57045
3.7,0.726527,1.27347,2,1.59592
3.72,0.683262,1.31674,2,1.6228
3.74,0.637222,1.36278,2,1.65093
3.76,0.588644,1.41136,2,1.68009
3.78,0.537833,1.46217,2,1.71007
3.8,0.485175,1.51482,2,1.74059
3.82,0.431149,1.56885,2,1.77136
3.84,0.376337,1.62366,2,1.80203
3.86,0.321433,1.67857,2,1.83225
3.88,0.267256,1.73274,2,1.86158
3.9,0.214754,1.78525,2,1.88957
3.92,0.165009,1.83499,2,1.91572
3.94,0.119236,1.88076,2,1.93947
3.96,0.0787745,1.92123,2,1.96022
3.98,0.0450774,1.95492,2,1.97733
4,0.0196847,1.98032,2,1.99013
4.02,0.00419128,1.99581,2,1.9979
4.04,0.000201736,1.9998,2,1.9999
4.06,0.0092726,1.99073,2,1.99536
4.08,0.0328429,1.96716,2,1.98351
4.1,0.0721531,1.92785,2,1.96359
4.12,0.128155,1.87184,2,1.93486
4.14,0.201416,1.79858,2,1.89662
4.16,0.292021,1.70798,2,1.84823
4.18,0.399485,1.60052,2,1.78914
4.2,0.522671,1.47733,2,1.71891
4.22,0.659742,1.34026,2,1.63723
4.24,0.808128,1.19187,2,1.54394
4.26,0.964553,1.03545,2,1.43906
4.28,1.12509,0.874915,2,1.32281
4.3,1.28526,0.714744,2,1.19561
4.32,1.44021,0.559787,2,1.0581
4.34,1.58493,0.415072,2,0.911122
4.36,1.71443,0.285571,2,0.75574
4.38,1.82405,0.175946,2,0.593204
4.4,1.90971,0.0902853,2,0.424936
4.42,1.96812,0.0318777,2,0.252498
4.44,1.99699,0.0030076,2,0.0775577
4.46,1.99518,0.00481726,2,0.0981556
4.48,1.96277,0.0372349,2,0.272891
4.5,1.90102,0.098979,2,0.444925
4.52,1.81236,0.187639,2,0.612599
4.54,1.70018,0.299821,2,0.774366
4.56,1.56864,0.431356,2,0.928823
4.58,1.42247,0.577533,2,1.07474
4.6,1.26664,0.733362,2,1.21108
4.62,1.10618,0.89382,2,1.33703
4.64,0.945907,1.05409,2,1.45196
4.66,0.790234,1.20977,2,1.55548
4.68,0.643018,1.35698,2,1.64741
4.7,0.507458,1.49254,2,1.72774
4.72,0.386035,1.61397,2,1.79664
4.74,0.280503,1.7195,2,1.85445
4.76,0.191919,1.80808,2,1.90162
4.78,0.120698,1.8793,2,1.93871
4.8,0.0666922,1.93331,2,1.96637
4.82,0.0292843,1.97072,2,1.9853
4.84,0.00748392,1.99252,2,1.99625
4.86,2.27866e-05,1.99998,2,1.99999
4.88,0.00544408,1.99456,2,1.99728
4.9,0.0221822,1.97782,2,1.98888
4.92,0.0486311,1.95137,2,1.97553
4.94,0.0832001,1.9168,2,1.95796
4.96,0.124358,1.87564,2,1.93682
4.98,0.170664,1.82934,2,1.91277
5,0.220793,1.77921,2,1.88638
5.02,0.273545,1.72646,2,1.8582
5.04,0.327854,1.67215,2,1.82874
5.06,0.382787,1.61721,2,1.79845
5.08,0.437541,1.56246,2,1.76774
5.1,0.491434,1.50857,2,1.73699
5.12,0.543898,1.4561,2,1.70652
5.14,0.594465,1.40553,2,1.67662
5.16,0.642761,1.35724,2,1.64757
5.18,0.688486,1.31151,2,1.61958
5.2,0.731413,1.26859,2,1.59285
5.22,0.771369,1.22863,2,1.56757
5.24,0.808232,1.19177,2,1.54387
5.26,0.841917,1.15808,2,1.5219
5.28,0.87237,1.12763,2,1.50175
5.3,0.899563,1.10044,2,1.48353
5.32,0.923482,1.07652,2,1.46732
5.34,0.944131,1.05587,2,1.45318
5.36,0.961516,1.03848,2,1.44117
5.38,0.975653,1.02435,2,1.43133
5.4,0.986556,1.01344,2,1.42369
5.42,0.994239,1.00576,2,1.41828
5.44,0.998712,1.00129,2,1.41512
5.46,0.999983,1.00002,2,1.41423
5.48,0.998053,1.00195,2,1.41559
5.5,0.99292,1.00708,2,1.41921
5.52,0.984576,1.01542,2,1.42508
5.54,0.973009,1.02699,2,1.43317
5.56,0.958205,1.0418,2,1.44346
5.58,0.940149,1.05985,2,1.45592
5.6,0.918828,1.08117,2,1.47049
5.62,0.894234,1.10577,2,1.48712
5.64,0.866369,1.13363,2,1.50574
5.66,0.835248,1.16475,2,1.52627
5.68,0.800904,1.1991,2,1.54861
5.7,0.763396,1.2366,2,1.57264
5.72,0.722817,1.27718,2,1.59824
5.7401,0.679074,1.32093,2,1.62538
5.7601,0.632786,1.36721,2,1.65361
5.7801,0.583984,1.41602,2,1.68286
5.8001,0.532983,1.46702,2,1.7129
5.8201,0.480176,1.51982,2,1.74346
5.8401,0.42605,1.57395,2,1.77423
5.8601,0.371198,1.6288,2,1.80488
5.8801,0.316325,1.68367,2,1.83503
5.9001,0.262262,1.73774,2,1.86426
5.9201,0.20997,1.79003,2,1.8921
5.9401,0.160543,1.83946,2,1.91805
5.9601,0.115208,1.88479,2,1.94154
5.9801,0.0753154,1.92468,2,1.96198
6.0001,0.042328,1.95767,2,1.97872
6.0201,0.0177924,1.98221,2,1.99108
6.0401,0.0033065,1.99669,2,1.99835
6.0601,0.000472906,1.99953,2,1.99976
6.0801,0.0108404,1.98916,2,1.99457
6.1001,0.0358329,1.96417,2,1.982
6.1201,0.0766681,1.92333,2,1.96129
6.1401,0.134266,1.86573,2,1.9317
6.1601,0.209152,1.79085,2,1.89254
6.1801,0.301363,1.69864,2,1.84317
6.2001,0.410355,1.58965,2,1.78306
6.2201,0.534928,1.46507,2,1.71177
6.2401,0.673176,1.32682,2,1.629
6.2601,0.822463,1.17754,2,1.53462
6.2801,0.979448,1.02055,2,1.42867
6.3001,1.14014,0.859857,2,1.31138
6.3201,1.30004,0.699964,2,1.18319
6.3401,1.45425,0.54575,2,1.04475
6.3601,1.59775,0.402249,2,0.896938
6.3801,1.72558,0.274416,2,0.740832
6.4001,1.83313,0.166867,2,0.577697
6.4201,1.91637,0.0836289,2,0.408972
6.4401,1.9721,0.0279019,2,0.236228
6.4601,1.99813,0.00186913,2,0.0611413
6.4801,1.99344,0.00656139,2,0.114555
6.5001,1.95821,0.0417924,2,0.28911
6.5201,1.89383,0.106171,2,0.460805
6.5401,1.80281,0.197186,2,0.62799
6.5601,1.68864,0.311364,2,0.789131
6.5801,1.55553,0.444473,2,0.94284
6.6001,1.40823,0.591766,2,1.0879
6.6201,1.25176,0.748238,2,1.22331
6.6401,1.09112,0.908879,2,1.34824
6.6601,0.931099,1.0689,2,1.46212
6.6801,0.776062,1.22394,2,1.56457
6.7001,0.629811,1.37019,2,1.65541
6.7201,0.495478,1.50452,2,1.73466
6.7401,0.375477,1.62452,2,1.80251
6.7601,0.271495,1.7285,2,1.8593
6.7801,0.184526,1.81547,2,1.9055
6.8001,0.114928,1.88507,2,1.94169
6.8201,0.0625058,1.93749,2,1.9685
6.8401,0.0266035,1.9734,2,1.98665
6.8601,0.00620053,1.9938,2,1.9969
6.8801,7.32826e-06,1.99999,2,2
6.9001,0.0065537,1.99345,2,1.99672
6.9201,0.0242676,1.97573,2,1.98783
6.9401,0.0515421,1.94846,2,1.97406
6.9601,0.0867906,1.91321,2,1.95612
6.9801,0.128489,1.87151,2,1.93469
7.0001,0.175207,1.82479,2,1.91039
7.0201,0.225629,1.77437,2,1.88381
7.0401,0.27857,1.72143,2,1.85549
7.0601,0.332975,1.66703,2,1.82594
7.0801,0.387923,1.61208,2,1.79559
7.1001,0.442624,1.55738,2,1.76487
7.1201,0.496406,1.50359,2,1.73412
7.1401,0.548711,1.45129,2,1.7037
7.1601,0.599081,1.40092,2,1.67387
7.1801,0.647147,1.35285,2,1.6449
7.2001,0.692619,1.30738,2,1.61702
7.2201,0.735275,1.26473,2,1.59042
7.2401,0.774947,1.22505,2,1.56528
7.2601,0.811516,1.18848,2,1.54174
7.2801,0.844901,1.1551,2,1.51993
7.3001,0.87505,1.12495,2,1.49997
7.3201,0.901937,1.09806,2,1.48193
7.3401,0.925551,1.07445,2,1.46591
7.3601,0.945894,1.05411,2,1.45197
7.3801,0.962975,1.03702,2,1.44016
7.4001,0.976809,1.02319,2,1.43052
7.4201,0.98741,1.01259,2,1.42309
7.4401,0.994793,1.00521,2,1.41789
7.4601,0.998967,1.00103,2,1.41494
7.4801,0.999938,1.00006,2,1.41426
7.5001,0.99771,1.00229,2,1.41583
7.5201,0.992277,1.00772,2,1.41966
7.5401,0.983632,1.01637,2,1.42574
7.5601,0.971763,1.02824,2,1.43404
7.5801,0.956655,1.04334,2,1.44454
7.6001,0.938294,1.06171,2,1.45719
7.6201,0.916668,1.08333,2,1.47196
7.6401,0.891768,1.10823,2,1.48878
7.6601,0.863598,1.1364,2,1.50758
7.6801,0.832174,1.16783,2,1.52828
7.7001,0.797531,1.20247,2,1.55079
7.7201,0.759732,1.24027,2,1.57497
7.7401,0.718872,1.28113,2,1.60071
7.7601,0.675087,1.32491,2,1.62783
7.7801,0.628566,1.37143,2,1.65616
7.8001,0.579556,1.42044,2,1.68549
7.8201,0.528378,1.47162,2,1.71559
7.8401,0.475433,1.52457,2,1.74618
7.8601,0.421218,1.57878,2,1.77695
7.8801,0.366333,1.63367,2,1.80758
7.9001,0.311497,1.6885,2,1.83766
7.9201,0.25755,1.74245,2,1.86679
7.9401,0.205465,1.79453,2,1.89448
7.9601,0.156349,1.84365,2,1.92024
7.9801,0.111439,1.88856,2,1.94348
8.0001,0.0720969,1.9279,2,1.96362
8.0201,0.0397937,1.96021,2,1.98
8.0401,0.0160823,1.98392,2,1.99194
8.0601,0.00256283,1.99744,2,1.99872
8.0801,0.00083585,1.99916,2,1.99958
8.1001,0.012442,1.98756,2,1.99377
8.1201,0.0387907,1.96121,2,1.98051
8.1401,0.0810766,1.91892,2,1.95904
8.1601,0.140189,1.85981,2,1.92863
8.1801,0.216614,1.78339,2,1.88859
8.2001,0.31034,1.68966,2,1.83829
8.2201,0.420769,1.57923,2,1.77721
8.2401,0.546639,1.45336,2,1.70491
8.2601,0.685981,1.31402,2,1.62112
8.2801,0.836094,1.16391,2,1.52572
8.3001,0.993576,1.00642,2,1.41875
8.3201,1.15439,0.845611,2,1.30047
8.3401,1.31398,0.68602,2,1.17134
8.3601,1.46745,0.53255,2,1.03204
8.3801,1.60976,0.390239,2,0.883446
8.4001,1.73598,0.264021,2,0.726664
8.4201,1.84153,0.158471,2,0.562975
8.4401,1.92245,0.0775506,2,0.393829
8.4601,1.97562,0.0243784,2,0.220809
8.4801,1.99896,0.0010396,2,0.0455982
8.5001,1.99154,0.00845875,2,0.130067
8.5201,1.95366,0.0463414,2,0.304438
8.5401,1.88681,0.113192,2,0.475799
8.5601,1.79359,0.20641,2,0.64251
8.5801,1.67756,0.322442,2,0.803047
8.6001,1.543,0.457003,2,0.956037
8.6201,1.39469,0.605312,2,1.10028
8.6401,1.23765,0.762353,2,1.23479
8.6601,1.07687,0.923126,2,1.35877
8.6801,0.917124,1.08288,2,1.47165
8.7001,0.76272,1.23728,2,1.57307
8.7201,0.617407,1.38259,2,1.66288
8.7401,0.484256,1.51574,2,1.74112
8.7601,0.365614,1.63439,2,1.80797
8.7801,0.263107,1.73689,2,1.86381
8.8001,0.177668,1.82233,2,1.9091
8.8201,0.109605,1.8904,2,1.94443
8.8401,0.0586765,1.94132,2,1.97044
8.8601,0.024191,1.97581,2,1.98787
8.8801,0.00510027,1.9949,2,1.99745
8.9001,9.52901e-05,1.9999,2,1.99995
8.9201,0.00769386,1.99231,2,1.99615
8.9401,0.0263183,1.97368,2,1.9868
8.9601,0.0543616,1.94564,2,1.97263
8.9801,0.0902408,1.90976,2,1.95436
9.0001,0.132439,1.86756,2,1.93265
9.0201,0.179536,1.82046,2,1.90812
9.0401,0.230227,1.76977,2,1.88137
9.0601,0.283338,1.71666,2,1.85292
9.0801,0.337826,1.66217,2,1.82328
9.1001,0.392782,1.60722,2,1.79288
9.1201,0.447427,1.55257,2,1.76214
9.1401,0.501099,1.4989,2,1.73142
9.1601,0.55325,1.44675,2,1.70103
9.1801,0.60343,1.39657,2,1.67127
9.2001,0.651278,1.34872,2,1.64239
9.2201,0.696509,1.30349,2,1.61462
9.2401,0.738907,1.26109,2,1.58814
9.2601,0.778308,1.22169,2,1.56313
9.2801,0.814598,1.1854,2,1.53974
9.3001,0.847699,1.1523,2,1.51809
9.3201,0.87756,1.12244,2,1.49829
9.3401,0.904158,1.09584,2,1.48043
9.3601,0.927482,1.07252,2,1.46459
9.3801,0.947536,1.05246,2,1.45084
9.4001,0.96433,1.03567,2,1.43922
9.4201,0.977877,1.02212,2,1.42977
9.4401,0.988193,1.01181,2,1.42254
9.4601,0.995291,1.00471,2,1.41754
9.4801,0.999182,1.00082,2,1.41479
9.5001,0.99987,1.00013,2,1.41431
9.5201,0.997358,1.00264,2,1.41608
9.5401,0.991642,1.00836,2,1.42011
9.5601,0.982712,1.01729,2,1.42639
9.5801,0.970557,1.02944,2,1.43488
9.6001,0.955162,1.04484,2,1.44557
9.6201,0.936513,1.06349,2,1.45841
9.6401,0.914597,1.0854,2,1.47337
9.6601,0.889408,1.11059,2,1.49036
9.6801,0.860949,1.13905,2,1.50934
9.7001,0.829239,1.17076,2,1.5302
9.7201,0.794314,1.20569,2,1.55286
9.7401,0.756239,1.24376,2,1.57719
9.7601,0.715114,1.28489,2,1.60305
9.7801,0.671079,1.32892,2,1.63029
9.8001,0.624327,1.37567,2,1.65872
9.8201,0.575111,1.42489,2,1.68813
9.8401,0.523759,1.47624,2,1.71828
9.8601,0.47068,1.52932,2,1.7489
9.8801,0.41638,1.58362,2,1.77967
9.9001,0.361469,1.63853,2,1.81027
9.9201,0.306676,1.69332,2,1.84028
9.9401,0.252852,1.74715,2,1.8693
9.9601,0.200984,1.79902,2,1.89685
9.9801,0.152187,1.84781,2,1.9224
10.0001,0.107713,1.89229,2,1.9454
10.0201,0.0689333,1.93107,2,1.96523
10.0401,0.0373266,1.96267,2,1.98125
10.0601,0.0144519,1.98555,2,1.99276
10.0801,0.00191148,1.99809,2,1.99904
10.1001,0.00130321,1.9987,2,1.99935
10.1201,0.0141592,1.98584,2,1.99291
10.1401,0.0418733,1.95813,2,1.97895
10.1601,0.085617,1.91438,2,1.95672
10.1801,0.146248,1.85375,2,1.92549
10.2001,0.224212,1.77579,2,1.88456
10.2201,0.319449,1.68055,2,1.83333
10.2401,0.431305,1.5687,2,1.77127
10.2601,0.558457,1.44154,2,1.69797
10.2801,0.69887,1.30113,2,1.61315
10.3001,0.849783,1.15022,2,1.51672
10.3201,1.00773,0.99227,2,1.40874
10.3401,1.16863,0.831375,2,1.28948
10.3601,1.32788,0.672124,2,1.15942
10.3801,1.48056,0.519438,2,1.01925
10.4001,1.62165,0.378354,2,0.86989
10.4201,1.74621,0.253787,2,0.712443
10.4401,1.84973,0.150267,2,0.54821
10.4601,1.92831,0.0716901,2,0.378656
10.4801,1.97891,0.0210891,2,0.205374
10.5001,1.99955,0.00045155,2,0.0300516
10.5201,1.9894,0.0105953,2,0.14557
10.5401,1.94888,0.0511178,2,0.319743
10.5601,1.87958,0.120421,2,0.490757
10.5801,1.78419,0.215812,2,0.656981
10.6001,1.66633,0.333666,2,0.816903
10.6201,1.53036,0.469641,2,0.969165
10.6401,1.38107,0.618925,2,1.11259
10.6601,1.2235,0.776496,2,1.24619
10.6801,1.06263,0.937366,2,1.36921
10.7001,0.903191,1.09681,2,1.48109
10.7201,0.74945,1.25055,2,1.58149
10.7401,0.605099,1.3949,2,1.67027
10.7601,0.473147,1.52685,2,1.74749
10.7801,0.355877,1.64412,2,1.81335
10.8001,0.254852,1.74515,2,1.86823
10.8201,0.170947,1.82905,2,1.91262
10.8401,0.104416,1.89558,2,1.94709
10.8601,0.0549761,1.94502,2,1.97232
10.8801,0.0218992,1.9781,2,1.98902
10.9001,0.00411035,1.99589,2,1.99794
10.9201,0.000281937,1.99972,2,1.99986
10.9401,0.00892031,1.99108,2,1.99553
10.9601,0.0284427,1.97156,2,1.98573
10.9801,0.0572422,1.94276,2,1.97117
11.0001,0.0937404,1.90626,2,1.95257
11.0201,0.136428,1.86357,2,1.93058
11.0401,0.183893,1.81611,2,1.90584
11.0601,0.234844,1.76516,2,1.87891
11.0801,0.288116,1.71188,2,1.85034
11.1001,0.342681,1.65732,2,1.82061
11.1201,0.397639,1.60236,2,1.79017
11.1401,0.452223,1.54778,2,1.75942
11.1601,0.505781,1.49422,2,1.72871
11.1801,0.557775,1.44223,2,1.69837
11.2001,0.607761,1.39224,2,1.66868
11.2201,0.655388,1.34461,2,1.63989
11.2401,0.700376,1.29962,2,1.61222
11.2601,0.742515,1.25749,2,1.58587
11.2801,0.781645,1.21835,2,1.561
11.3001,0.817656,1.18234,2,1.53775
11.3201,0.850471,1.14953,2,1.51626
11.3401,0.880045,1.11996,2,1.49663
11.3601,0.906353,1.09365,2,1.47895
11.3801,0.929388,1.07061,2,1.46329
11.4001,0.949153,1.05085,2,1.44972
11.4201,0.965659,1.03434,2,1.43829
11.4401,0.97892,1.02108,2,1.42904
11.4601,0.988951,1.01105,2,1.42201
11.4801,0.995765,1.00424,2,1.41721
11.5001,0.999372,1.00063,2,1.41466
11.5201,0.999777,1.00022,2,1.41437
11.5401,0.996982,1.00302,2,1.41635
11.5601,0.990982,1.00902,2,1.42058
11.5801,0.981767,1.01823,2,1.42705
11.6001,0.969326,1.03067,2,1.43574
11.6201,0.953644,1.04636,2,1.44662
11.6401,0.934706,1.06529,2,1.45965
11.6601,0.912501,1.0875,2,1.47479
11.6801,0.887023,1.11298,2,1.49196
11.7001,0.858275,1.14173,2,1.51111
11.7201,0.826278,1.17372,2,1.53214
11.7401,0.791071,1.20893,2,1.55495
11.7601,0.752723,1.24728,2,1.57942
11.7801,0.711334,1.28867,2,1.60541
11.8001,0.66705,1.33295,2,1.63276
11.8201,0.620068,1.37993,2,1.66128
11.8401,0.57065,1.42935,2,1.69077
11.8601,0.519127,1.48087,2,1.72097
11.8801,0.465918,1.53408,2,1.75162
11.9001,0.411537,1.58846,2,1.78239
11.9201,0.356606,1.64339,2,1.81295
11.9401,0.301862,1.69814,2,1.8429
11.9601,0.24817,1.75183,2,1.87181
11.9801,0.196526,1.80347,2,1.8992
12.0001,0.14806,1.85194,2,1.92455
12.0201,0.104032,1.89597,2,1.94729
12.0401,0.0658259,1.93417,2,1.96681
12.0601,0.0349278,1.96507,2,1.98246
12.0801,0.0129023,1.9871,2,1.99354
12.1001,0.00135354,1.99865,2,1.99932
12.1201,0.00187602,1.99812,2,1.99906
12.1401,0.0159928,1.98401,2,1.99199
12.1601,0.0450815,1.95492,2,1.97733
12.1801,0.0902899,1.90971,2,1.95433
12.2001,0.152443,1.84756,2,1.92227
12.2201,0.231945,1.76805,2,1.88045
12.2401,0.328688,1.67131,2,1.82828
12.2601,0.44196,1.55804,2,1.76524
12.2801,0.570378,1.42962,2,1.69093
12.3001,0.711843,1.28816,2,1.60509
12.3201,0.863527,1.13647,2,1.50763
12.3401,1.02191,0.978092,2,1.39864
12.3601,1.18285,0.817151,2,1.2784
12.3801,1.34172,0.658279,2,1.14741
12.4001,1.49358,0.506416,2,1.0064
12.4201,1.6334,0.3666,2,0.856271
12.4401,1.75628,0.243719,2,0.698168
12.4601,1.85774,0.14226,2,0.533404
12.4801,1.93395,0.0660492,2,0.363453
12.5001,1.98196,0.0180351,2,0.189922
12.5201,1.99989,0.000105164,2,0.0145027
12.5401,1.98703,0.0129703,2,0.161061
12.5601,1.94388,0.0561201,2,0.335023
12.5801,1.87215,0.127855,2,0.505677
12.6001,1.77461,0.225391,2,0.671403
12.6201,1.65497,0.345031,2,0.8307
12.6401,1.51762,0.482382,2,0.982224
12.6601,1.3674,0.632604,2,1.12481
12.6801,1.20933,0.790665,2,1.25751
12.7001,1.04841,0.951594,2,1.37956
12.7201,0.889302,1.1107,2,1.49043
12.7401,0.736253,1.26375,2,1.58981
12.7601,0.592888,1.40711,2,1.67756
12.7801,0.462153,1.53785,2,1.75377
12.8001,0.346268,1.65373,2,1.81864
12.8201,0.246732,1.75327,2,1.87257
12.8401,0.164362,1.83564,2,1.91606
12.8601,0.0993614,1.90064,2,1.94969
12.8801,0.051404,1.9486,2,1.97413
12.9001,0.0197271,1.98027,2,1.99011
12.9201,0.00322977,1.99677,2,1.99838
12.9401,0.000566194,1.99943,2,1.99972
12.9601,0.010232,1.98977,2,1.99488
12.9801,0.0306397,1.96936,2,1.98462
13.0001,0.0601831,1.93982,2,1.96968
13.0201,0.0972884,1.90271,2,1.95075
13.0401,0.140454,1.85955,2,1.92849
13.0601,0.188278,1.81172,2,1.90353
13.0801,0.239479,1.76052,2,1.87644
13.1001,0.292905,1.70709,2,1.84775
13.1201,0.347538,1.65246,2,1.81794
13.1401,0.402493,1.59751,2,1.78746
13.1601,0.457011,1.54299,2,1.7567
13.1801,0.510451,1.48955,2,1.72601
13.2001,0.562283,1.43772,2,1.69571
13.2201,0.612074,1.38793,2,1.66609
13.2401,0.659477,1.34052,2,1.63739
13.2601,0.704222,1.29578,2,1.60983
13.2801,0.746099,1.2539,2,1.5836
13.3001,0.784958,1.21504,2,1.55887
13.3201,0.820688,1.17931,2,1.53578
13.3401,0.853219,1.14678,2,1.51445
13.3601,0.882504,1.1175,2,1.49499
13.3801,0.908523,1.09148,2,1.47748
13.4001,0.931268,1.06873,2,1.46201
13.4201,0.950744,1.04926,2,1.44862
13.4401,0.966962,1.03304,2,1.43738
13.4601,0.979937,1.02006,2,1.42833
13.4801,0.989683,1.01032,2,1.42149
13.5001,0.996213,1.00379,2,1.41689
13.5201,0.999536,1.00046,2,1.41454
13.5401,0.999659,1.00034,2,1.41445
13.5601,0.99658,1.00342,2,1.41663
13.5801,0.990296,1.0097,2,1.42106
13.6001,0.980797,1.0192,2,1.42773
13.6201,0.96807,1.03193,2,1.43661
13.6401,0.9521,1.0479,2,1.44769
13.6601,0.932874,1.06713,2,1.46091
13.6801,0.910379,1.08962,2,1.47623
13.7001,0.884611,1.11539,2,1.49358
13.7201,0.855575,1.14442,2,1.51289
13.7401,0.823292,1.17671,2,1.53408
13.7601,0.787805,1.2122,2,1.55705
13.7801,0.749182,1.25082,2,1.58166
13.8001,0.707531,1.29247,2,1.60777
13.8201,0.662999,1.337,2,1.63524
13.8401,0.615791,1.38421,2,1.66386
13.8601,0.566171,1.43383,2,1.69342
13.8801,0.514481,1.48552,2,1.72367
13.9001,0.461146,1.53885,2,1.75434
13.9201,0.40669,1.59331,2,1.78511
13.9401,0.351744,1.64826,2,1.81563
13.9601,0.297056,1.70294,2,1.8455
13.9801,0.243503,1.7565,2,1.8743
14.0001,0.192093,1.80791,2,1.90153
14.0201,0.143967,1.85603,2,1.92667
14.0401,0.100397,1.8996,2,1.94916
14.0601,0.0627756,1.93722,2,1.96836
14.0801,0.0325984,1.9674,2,1.98363
14.1001,0.0114348,1.98857,2,1.99427
14.1201,0.000890096,1.99911,2,1.99955
14.1401,0.0025553,1.99744,2,1.99872
14.1601,0.0179437,1.98206,2,1.99101
14.1801,0.0484162,1.95158,2,1.97564
14.2001,0.0950956,1.9049,2,1.95187
14.2201,0.158774,1.84123,2,1.91897
14.2401,0.239814,1.76019,2,1.87627
14.2601,0.338057,1.66194,2,1.82315
14.2801,0.452735,1.54726,2,1.75913
14.3001,0.582403,1.4176,2,1.6838
14.3201,0.724895,1.2751,2,1.59694
14.3401,0.877324,1.12268,2,1.49845
14.3601,1.03611,0.963893,2,1.38845
14.3801,1.19706,0.802943,2,1.26724
14.4001,1.35551,0.644489,2,1.13533
14.4201,1.50651,0.493489,2,0.993468
14.4401,1.64502,0.354978,2,0.842589
14.4601,1.76618,0.233819,2,0.683841
14.4801,1.86555,0.13445,2,0.518556
14.5001,1.93937,0.0606296,2,0.348223
14.5201,1.98478,0.0152173,2,0.174455
14.5401,2,5.48569e-07,2,0.00104744
14.5601,1.98442,0.0155831,2,0.176539
14.5801,1.93865,0.0613468,2,0.350276
14.6001,1.86451,0.135491,2,0.520559
14.6201,1.76486,0.235143,2,0.685774
14.6401,1.64346,0.356536,2,0.844435
14.6601,1.50478,0.495225,2,0.995214
14.6801,1.35366,0.646344,2,1.13696
14.7001,1.19514,0.804856,2,1.26874
14.7201,1.03419,0.965807,2,1.38983
14.7401,0.875462,1.12454,2,1.49969
14.7601,0.723132,1.27687,2,1.59804
14.7801,0.580777,1.41922,2,1.68477
14.8001,0.451277,1.54872,2,1.75996
14.8201,0.336788,1.66321,2,1.82385
14.8401,0.238746,1.76125,2,1.87683
14.8601,0.157913,1.84209,2,1.91942
14.8801,0.0944404,1.90556,2,1.95221
14.9001,0.0479595,1.95204,2,1.97587
14.9201,0.017674,1.98233,2,1.99114
14.9401,0.00245755,1.99754,2,1.99877
14.9601,0.000946982,1.99905,2,1.99953
14.9801,0.0116277,1.98837,2,1.99418
15.0001,0.0329082,1.96709,2,1.98348
15.0201,0.0631831,1.93682,2,1.96815
15.0401,0.100884,1.89912,2,1.94891
15.0601,0.144516,1.85548,2,1.92639
15.0801,0.192689,1.80731,2,1.90122
15.1001,0.244131,1.75587,2,1.87396
15.1201,0.297703,1.7023,2,1.84515
15.1401,0.352399,1.6476,2,1.81527
15.1601,0.407344,1.59266,2,1.78474
15.1801,0.46179,1.53821,2,1.75397
15.2001,0.515108,1.48489,2,1.72331
15.2201,0.566775,1.43322,2,1.69306
15.2401,0.616368,1.38363,2,1.66351
15.2601,0.663546,1.33645,2,1.6349
15.2801,0.708044,1.29196,2,1.60745
15.3001,0.749661,1.25034,2,1.58135
15.3201,0.788246,1.21175,2,1.55676
15.3401,0.823696,1.1763,2,1.53382
15.3601,0.85594,1.14406,2,1.51265
15.3801,0.884938,1.11506,2,1.49336
15.4001,0.910667,1.08933,2,1.47603
15.4201,0.933122,1.06688,2,1.46074
15.4401,0.95231,1.04769,2,1.44754
15.4601,0.968241,1.03176,2,1.4365
15.4801,0.980929,1.01907,2,1.42764
15.5001,0.99039,1.00961,2,1.42099
15.5201,0.996636,1.00336,2,1.41659
15.5401,0.999676,1.00032,2,1.41444
15.5601,0.999516,1.00048,2,1.41456
15.5801,0.996154,1.00385,2,1.41693
15.6001,0.989586,1.01041,2,1.42156
15.6201,0.979801,1.0202,2,1.42842
15.6401,0.966788,1.03321,2,1.43751
15.6601,0.950531,1.04947,2,1.44877
15.6801,0.931016,1.06898,2,1.46218
15.7001,0.908232,1.09177,2,1.47768
15.7201,0.882174,1.11783,2,1.49521
15.7401,0.85285,1.14715,2,1.51469
15.7601,0.820281,1.17972,2,1.53605
15.7801,0.784513,1.21549,2,1.55916
15.8001,0.745618,1.25438,2,1.58391
15.8201,0.703705,1.2963,2,1.61015
15.8401,0.658928,1.34107,2,1.63773
15.8601,0.611494,1.38851,2,1.66644
15.8801,0.561677,1.43832,2,1.69607
15.9001,0.509823,1.49018,2,1.72637
15.9201,0.456366,1.54363,2,1.75706
15.9401,0.401839,1.59816,2,1.78783
15.9601,0.346884,1.65312,2,1.8183
15.9801,0.292259,1.70774,2,1.8481
16.0001,0.238853,1.76115,2,1.87678
16.0201,0.187686,1.81231,2,1.90385
16.0401,0.139909,1.86009,2,1.92878
16.0601,0.0968076,1.90319,2,1.951
16.0801,0.0597835,1.94022,2,1.96988
16.1001,0.0303396,1.96966,2,1.98477
16.1201,0.0100503,1.98995,2,1.99497
16.1401,0.000522249,1.99948,2,1.99974
16.1601,0.00334206,1.99666,2,1.99833
16.1801,0.0200128,1.97999,2,1.98997
16.2001,0.0518778,1.94812,2,1.97389
16.2201,0.100035,1.89997,2,1.94934
16.2401,0.165241,1.83476,2,1.9156
16.2601,0.247818,1.75218,2,1.87199
16.2801,0.347555,1.65244,2,1.81794
16.3001,0.463628,1.53637,2,1.75292
16.3201,0.594528,1.40547,2,1.67659
16.3401,0.738026,1.26197,2,1.58869
16.3601,0.891171,1.10883,2,1.48918
16.3801,1.05032,0.949678,2,1.37817
16.4001,1.21125,0.788755,2,1.25599
16.4201,1.36924,0.630757,2,1.12317
16.4401,1.51934,0.48066,2,0.980469
16.4601,1.65651,0.343492,2,0.828845
16.4801,1.77591,0.22409,2,0.669463
16.5001,1.87316,0.126841,2,0.503669
16.5201,1.94457,0.0554331,2,0.332966
16.5401,1.98736,0.0126365,2,0.158975
16.5601,1.99986,0.000137738,2,0.0165975
16.5801,1.98157,0.0184328,2,0.192004
16.6001,1.9332,0.0667963,2,0.365503
16.6201,1.85667,0.143327,2,0.535401
16.6401,1.75493,0.245066,2,0.700094
16.6601,1.63182,0.368176,2,0.858109
16.6801,1.49183,0.508165,2,1.00813
16.7001,1.33986,0.660141,2,1.14904
16.7201,1.18093,0.819066,2,1.2799
16.7401,1.02,0.980003,2,1.4
16.7601,0.861672,1.13833,2,1.50886
16.7801,0.71009,1.28991,2,1.60618
16.8001,0.568766,1.43123,2,1.69188
16.8201,0.440518,1.55948,2,1.76606
16.8401,0.327436,1.67256,2,1.82897
16.8601,0.230896,1.7691,2,1.88101
16.8801,0.1516,1.8484,2,1.92271
16.9001,0.0896526,1.91035,2,1.95466
16.9201,0.044642,1.95536,2,1.97755
16.9401,0.015739,1.98426,2,1.99211
16.9601,0.00179267,1.99821,2,1.9991
16.9801,0.00142322,1.99858,2,1.99929
17.0001,0.0131063,1.98689,2,1.99344
17.0201,0.035247,1.96475,2,1.9823
17.0401,0.0662412,1.93376,2,1.9666
17.0601,0.104525,1.89547,2,1.94704
17.0801,0.148614,1.85139,2,1.92426
17.1001,0.197125,1.80288,2,1.89888
17.1201,0.2488,1.7512,2,1.87147
17.1401,0.30251,1.69749,2,1.84255
17.1601,0.357261,1.64274,2,1.81259
17.1801,0.41219,1.58781,2,1.78203
17.2001,0.46656,1.53344,2,1.75125
17.2201,0.519752,1.48025,2,1.72061
17.2401,0.571252,1.42875,2,1.69041
17.2601,0.620643,1.37936,2,1.66094
17.2801,0.667594,1.33241,2,1.63243
17.3001,0.711844,1.28816,2,1.60509
17.3201,0.753198,1.2468,2,1.57912
17.3401,0.79151,1.20849,2,1.55466
17.3601,0.826678,1.17332,2,1.53188
17.3801,0.858637,1.14136,2,1.51087
17.4001,0.887345,1.11265,2,1.49175
17.4201,0.912785,1.08722,2,1.47459
17.4401,0.934951,1.06505,2,1.45949
17.4601,0.95385,1.04615,2,1.44648
17.4801,0.969493,1.03051,2,1.43562
17.5001,0.981896,1.0181,2,1.42696
17.5201,0.991072,1.00893,2,1.42051
17.5401,0.997034,1.00297,2,1.41631
17.5601,0.999791,1.00021,2,1.41436
17.5801,0.999347,1.00065,2,1.41467
17.6001,0.995702,1.0043,2,1.41725
17.6201,0.98885,1.01115,2,1.42208
17.6401,0.978781,1.02122,2,1.42914
17.6601,0.965481,1.03452,2,1.43842
17.6801,0.948936,1.05106,2,1.44987
17.7001,0.929132,1.07087,2,1.46347
17.7201,0.906059,1.09394,2,1.47915
17.7401,0.879712,1.12029,2,1.49686
17.7601,0.850099,1.1499,2,1.51651
17.7801,0.817246,1.18275,2,1.53802
17.8001,0.781197,1.2188,2,1.56128
17.8201,0.74203,1.25797,2,1.58617
17.8401,0.699857,1.30014,2,1.61254
17.8601,0.654835,1.34516,2,1.64022
17.8801,0.607179,1.39282,2,1.66902
17.9001,0.557166,1.44283,2,1.69873
17.9201,0.505151,1.49485,2,1.72907
17.9401,0.451577,1.54842,2,1.75979
17.9601,0.396985,1.60301,2,1.79054
17.9801,0.342026,1.65797,2,1.82097
18.0001,0.287472,1.71253,2,1.85069
18.0201,0.234221,1.76578,2,1.87924
18.0401,0.183305,1.8167,2,1.90615
18.0601,0.135888,1.86411,2,1.93086
18.0801,0.0932661,1.90673,2,1.95281
18.1001,0.0568506,1.94315,2,1.97137
18.1201,0.0281523,1.97185,2,1.98587
18.1401,0.0087501,1.99125,2,1.99562
18.1601,0.000251079,1.99975,2,1.99987
18.1801,0.00423731,1.99576,2,1.99788
18.2001,0.0222009,1.9778,2,1.98887
18.2201,0.0554671,1.94453,2,1.97207
18.2401,0.105107,1.89489,2,1.94674
18.2601,0.171844,1.82816,2,1.91215
18.2801,0.255956,1.74404,2,1.86764
18.3001,0.357182,1.64282,2,1.81263
18.3201,0.474637,1.52536,2,1.74663
18.3401,0.606752,1.39325,2,1.66928
18.3601,0.751233,1.24877,2,1.58036
18.3801,0.905065,1.09494,2,1.47982
18.4001,1.06455,0.935448,2,1.36781
18.4201,1.22541,0.774589,2,1.24466
18.4401,1.38291,0.617088,2,1.11093
18.4601,1.53207,0.467932,2,0.967401
18.4801,1.66785,0.332145,2,0.81504
18.5001,1.78546,0.214535,2,0.655034
18.5201,1.88056,0.119435,2,0.488744
18.5401,1.94954,0.0504611,2,0.317683
18.5601,1.98971,0.0102935,2,0.143482
18.5801,1.99948,0.000516689,2,0.0321462
18.6001,1.97848,0.0215186,2,0.207454
18.6201,1.92753,0.0724669,2,0.380702
18.6401,1.84864,0.151361,2,0.550202
18.6601,1.74484,0.255156,2,0.714362
18.6801,1.62005,0.379948,2,0.87172
18.7001,1.4788,0.521199,2,1.02098
18.7201,1.32601,0.673993,2,1.16103
18.7401,1.16671,0.833292,2,1.29096
18.7601,1.00582,0.994178,2,1.41009
18.7801,0.847935,1.15206,2,1.51794
18.8001,0.697129,1.30287,2,1.61423
18.8201,0.556859,1.44314,2,1.69891
18.8401,0.429878,1.57012,2,1.77207
18.8601,0.318214,1.68179,2,1.834
18.8801,0.22318,1.77682,2,1.88511
18.9001,0.145424,1.85458,2,1.92592
18.9201,0.0849976,1.915,2,1.95704
18.9401,0.0414507,1.95855,2,1.97917
18.9601,0.0139211,1.98608,2,1.99303
18.9801,0.00123413,1.99877,2,1.99938
19.0001,0.00199381,1.99801,2,1.999
19.0201,0.0146668,1.98533,2,1.99265
19.0401,0.0376551,1.96234,2,1.98108
19.0601,0.0693563,1.93064,2,1.96502
19.0801,0.108212,1.89179,2,1.94514
19.1001,0.152746,1.84725,2,1.92211
19.1201,0.201586,1.79841,2,1.89653
19.1401,0.253484,1.74652,2,1.86897
19.1601,0.307325,1.69268,2,1.83993
19.1801,0.362124,1.63788,2,1.8099
19.2001,0.417032,1.58297,2,1.77931
19.2201,0.471321,1.52868,2,1.74853
19.2401,0.524382,1.47562,2,1.71792
19.2601,0.575711,1.42429,2,1.68777
19.2801,0.624899,1.3751,2,1.65837
19.3001,0.67162,1.32838,2,1.62996
19.3201,0.715622,1.28438,2,1.60273
19.3401,0.756711,1.24329,2,1.57689
19.3601,0.794749,1.20525,2,1.55258
19.3801,0.829635,1.17036,2,1.52994
19.4001,0.861308,1.13869,2,1.5091
19.4201,0.889728,1.11027,2,1.49015
19.4401,0.914878,1.08512,2,1.47317
19.4601,0.936755,1.06325,2,1.45825
19.4801,0.955365,1.04464,2,1.44543
19.5001,0.970721,1.02928,2,1.43477
19.5201,0.982837,1.01716,2,1.4263
19.5401,0.991729,1.00827,2,1.42005
19.5601,0.997407,1.00259,2,1.41605
19.5801,0.999881,1.00012,2,1.4143
19.6001,0.999154,1.00085,2,1.41481
19.6201,0.995225,1.00477,2,1.41759
19.6401,0.988089,1.01191,2,1.42261
19.6601,0.977735,1.02227,2,1.42987
19.6801,0.964149,1.03585,2,1.43934
19.7001,0.947316,1.05268,2,1.45099
19.7201,0.927223,1.07278,2,1.46477
19.7401,0.90386,1.09614,2,1.48063
19.7601,0.877224,1.12278,2,1.49852
19.7801,0.847323,1.15268,2,1.51834
19.8001,0.814185,1.18582,2,1.54001
19.8201,0.777857,1.22214,2,1.56342
19.8401,0.738419,1.26158,2,1.58845
19.8601,0.695986,1.30401,2,1.61494
19.8801,0.650722,1.34928,2,1.64273
19.9001,0.602845,1.39715,2,1.67162
19.9201,0.55264,1.44736,2,1.70139
19.9401,0.500468,1.49953,2,1.73178
19.9601,0.44678,1.55322,2,1.76251
19.9801,0.392128,1.60787,2,1.79325
20.0001,0.337172,1.66283,2,1.82364
